"feature_of_interest_cv_num","feature_of_interest_cv_name","feature_of_interest_description"
1,"Not Applicable",""
2,"INDIAN","GEOGRAPH_LOC"
3,"CONRAD","GEOGRAPH_LOC"
4,"PACIFIC-ANTARCTIC RIDGE","GEOGRAPH_LOC"
5,"ELTANIN","GEOGRAPH_LOC"
6,"KOLBEINSEY RIDGE","GEOGRAPH_LOC"
7,"RED SEA","GEOGRAPH_LOC"
8,"REYKJANES RIDGE","GEOGRAPH_LOC"
9,"EXPLORER RIDGE","GEOGRAPH_LOC"
10,"ANDREW BAIN","GEOGRAPH_LOC"
11,"NORTH FIJI","GEOGRAPH_LOC"
12,"GALAPAGOS","GEOGRAPH_LOC"
13,"SAINT HELENA","GEOGRAPH_LOC"
14,"LOUISVILLE","GEOGRAPH_LOC"
15,"COCOS-NAZCA","GEOGRAPH_LOC"
16,"RODRIGUEZ","GEOGRAPH_LOC"
17,"SCOTIA SEA","GEOGRAPH_LOC"
18,"SCOTIA","GEOGRAPH_LOC"
19,"OWEN","GEOGRAPH_LOC"
20,"EAST BULLARD","GEOGRAPH_LOC"
21,"LOUISVILLE 37","GEOGRAPH_LOC"
22,"WEST PHILIPPINE ","GEOGRAPH_LOC"
23,"PHOENIX RIDGE","GEOGRAPH_LOC"
24,"SHIMADA","GEOGRAPH_LOC"
25,"JAN MAYEN PLATFORM","GEOGRAPH_LOC"
26,"SOUTH SANDWICH","GEOGRAPH_LOC"
27,"DRAKE PASSAGE","GEOGRAPH_LOC"
28,"HEEZEN TRANSFORM FAULT","GEOGRAPH_LOC"
29,"GLUTTONY","GEOGRAPH_LOC"
30,"HUMILITY","GEOGRAPH_LOC"
31,"COURAGE","GEOGRAPH_LOC"
32,"TRANSFORM FAULT A","GEOGRAPH_LOC"
33,"SHIKOKU","GEOGRAPH_LOC"
34,"WESTERN","GEOGRAPH_LOC"
35,"VALU FAS","GEOGRAPH_LOC"
36,"FRACTURE ZONE A","GEOGRAPH_LOC"
37,"GUADELOUPE","GEOGRAPH_LOC"
38,"SOUTH FIJI","GEOGRAPH_LOC"
39,"MARGOT","GEOGRAPH_LOC"
40,"BISMARCK","GEOGRAPH_LOC"
41,"LAGEY","GEOGRAPH_LOC"
42,"MACDONALD","GEOGRAPH_LOC"
43,"AUSTRAL ISLANDS","GEOGRAPH_LOC"
44,"KINAN","GEOGRAPH_LOC"
45,"AOGASHIMA RIFT","GEOGRAPH_LOC"
46,"CENTRAL AMERICA","GEOGRAPH_LOC"
47,"LAKE BULLENMERRI","GEOGRAPH_LOC"
48,"RAMA ROAD","GEOGRAPH_LOC"
49,"SAN JACINTO","GEOGRAPH_LOC"
50,"SAN CRISTOBAL","GEOGRAPH_LOC"
51,"MIRAVALLES","GEOGRAPH_LOC"
52,"OLDER CONE","GEOGRAPH_LOC"
53,"MAX","GEOGRAPH_LOC"
54,"SOFUGAN","GEOGRAPH_LOC"
55,"SUMISU RIFT","GEOGRAPH_LOC"
56,"KOMAHASHI","GEOGRAPH_LOC"
57,"NICHINAN","GEOGRAPH_LOC"
58,"COCHISE CRATER","GEOGRAPH_LOC"
59,"MEXICO","GEOGRAPH_LOC"
60,"LASHAINE","GEOGRAPH_LOC"
61,"ATLAS","GEOGRAPH_LOC"
62,"PITCAIRN","GEOGRAPH_LOC"
63,"GUATEMALA","GEOGRAPH_LOC"
64,"SAN MIGUEL","GEOGRAPH_LOC"
65,"EL BARU","GEOGRAPH_LOC"
66,"HONDURAS","GEOGRAPH_LOC"
67,"LA YEGUADA","GEOGRAPH_LOC"
68,"MULI","GEOGRAPH_LOC"
69,"SCHMITT-OTT","GEOGRAPH_LOC"
70,"THATCHERS NOSE","GEOGRAPH_LOC"
71,"ALEUTIAN","GEOGRAPH_LOC"
72,"ROSS","GEOGRAPH_LOC"
73,"LAS PALMA","GEOGRAPH_LOC"
74,"YELLOWSTONE PLATEAU","GEOGRAPH_LOC"
75,"PROVIDENCE","GEOGRAPH_LOC"
76,"CLOUD CHAIN","GEOGRAPH_LOC"
77,"PATIA CHAIN","GEOGRAPH_LOC"
78,"SOUTH AFRICA","GEOGRAPH_LOC"
79,"KIMBERLEY","GEOGRAPH_LOC"
80,"LINNE B","GEOGRAPH_LOC"
81,"LOUISVILLE X","GEOGRAPH_LOC"
82,"AZORES","GEOGRAPH_LOC"
83,"BATTY BAY KIMBERLITE","GEOGRAPH_LOC"
84,"NORD KIMBERLITE","GEOGRAPH_LOC"
85,"RUSSIA","GEOGRAPH_LOC"
86,"VITIM","GEOGRAPH_LOC"
87,"SIBERIAN","GEOGRAPH_LOC"
88,"SYTYKANSKAYA PIPE","GEOGRAPH_LOC"
89,"JOYA HONDA","GEOGRAPH_LOC"
90,"POTRILLO","GEOGRAPH_LOC"
91,"YUNASKA","GEOGRAPH_LOC"
92,"ATKA","GEOGRAPH_LOC"
93,"BOGOSLOF","GEOGRAPH_LOC"
94,"CENTRAL AMERICAN","GEOGRAPH_LOC"
95,"GRAHAM","GEOGRAPH_LOC"
96,"CARBERRY CHAIN","GEOGRAPH_LOC"
97,"PUTOTO","GEOGRAPH_LOC"
98,"TUBUAI","GEOGRAPH_LOC"
99,"GALUNGGUNG","GEOGRAPH_LOC"
100,"WEST","GEOGRAPH_LOC"
101,"NORTH ATLANTIC","GEOGRAPH_LOC"
102,"NORWAY","GEOGRAPH_LOC"
103,"RUAPCHU","GEOGRAPH_LOC"
104,"BARREN ISLAND","GEOGRAPH_LOC"
105,"UDONEJIMA","GEOGRAPH_LOC"
106,"FUKUJIN","GEOGRAPH_LOC"
107,"ICHIYO","GEOGRAPH_LOC"
108,"SUPPLY REEF","GEOGRAPH_LOC"
109,"GALLIENI","GEOGRAPH_LOC"
110,"RUMBLE","GEOGRAPH_LOC"
111,"DEVONPORT CENTRAL","GEOGRAPH_LOC"
112,"RESOLUTION","GEOGRAPH_LOC"
113,"HESS DEEP","GEOGRAPH_LOC"
114,"VALU FA RIDGE","GEOGRAPH_LOC"
115,"CIRCUM-PACIFIC","GEOGRAPH_LOC"
116,"NUSHAN","GEOGRAPH_LOC"
117,"RUMBLE III","GEOGRAPH_LOC"
118,"PICKEL","GEOGRAPH_LOC"
119,"SPEGELEI","GEOGRAPH_LOC"
120,"SERRA GERAL","GEOGRAPH_LOC"
121,"ARMENIA","GEOGRAPH_LOC"
122,"PITCAIRN-GAMBIER CHAIN","GEOGRAPH_LOC"
123,"MARQUESAS ISLANDS","GEOGRAPH_LOC"
124,"CERRO LOS MARTINEZ","GEOGRAPH_LOC"
125,"TEISHI KNOLL","GEOGRAPH_LOC"
126,"MATTHEW","GEOGRAPH_LOC"
127,"TONGA","GEOGRAPH_LOC"
128,"ATA","GEOGRAPH_LOC"
129,"GORELY","GEOGRAPH_LOC"
130,"SUPERIOR","GEOGRAPH_LOC"
131,"BOTSWANA","GEOGRAPH_LOC"
132,"MOUNT LEURA","GEOGRAPH_LOC"
133,"CERRO CUADRADO","GEOGRAPH_LOC"
134,"PASE DE LOS INDIOS","GEOGRAPH_LOC"
135,"PACHUGA FIELD","GEOGRAPH_LOC"
136,"GULF OF ALASKA","GEOGRAPH_LOC"
137,"THUMB","GEOGRAPH_LOC"
138,"LETSENG","GEOGRAPH_LOC"
139,"FINSCH","GEOGRAPH_LOC"
140,"WEST EIFEL","GEOGRAPH_LOC"
141,"BIRCH MOUNTAINS KIMBERLITE","GEOGRAPH_LOC"
142,"ROMANIA","GEOGRAPH_LOC"
143,"SAO FRANCISCO","GEOGRAPH_LOC"
144,"EGER","GEOGRAPH_LOC"
145,"CESKE STREDOHORI","GEOGRAPH_LOC"
146,"ADAGDAK","GEOGRAPH_LOC"
147,"EMPEROR","GEOGRAPH_LOC"
148,"DAIKAKUJI","GEOGRAPH_LOC"
149,"KOKO","GEOGRAPH_LOC"
150,"AZORES TRIPLE JUNCTION","GEOGRAPH_LOC"
151,"ERITREA","GEOGRAPH_LOC"
152,"CHARLES","GEOGRAPH_LOC"
153,"MORZHOVOI","GEOGRAPH_LOC"
154,"FROSTY PEAK","GEOGRAPH_LOC"
155,"SIMEON","GEOGRAPH_LOC"
156,"RYUKU","GEOGRAPH_LOC"
157,"DECEPTION","GEOGRAPH_LOC"
158,"SOLOMON","GEOGRAPH_LOC"
159,"SAVO","GEOGRAPH_LOC"
160,"GHIZO","GEOGRAPH_LOC"
161,"RENDOVA","GEOGRAPH_LOC"
162,"EAST ANTARCTIC","GEOGRAPH_LOC"
163,"IOTO","GEOGRAPH_LOC"
164,"SEAMOUNT 4","GEOGRAPH_LOC"
165,"DAYIZISHAN","GEOGRAPH_LOC"
166,"MCMURDO","GEOGRAPH_LOC"
167,"PYRENEAN","GEOGRAPH_LOC"
168,"TORO-ANKOLE","GEOGRAPH_LOC"
169,"BELE PIPE","GEOGRAPH_LOC"
170,"VIETNAM","GEOGRAPH_LOC"
171,"MOUNT GRIGGS","GEOGRAPH_LOC"
172,"CHANGLE","GEOGRAPH_LOC"
173,"PAGAN","GEOGRAPH_LOC"
174,"TOWER","GEOGRAPH_LOC"
175,"CHATHAM","GEOGRAPH_LOC"
176,"HOOD","GEOGRAPH_LOC"
177,"BOLIVIA","GEOGRAPH_LOC"
178,"SEGULA","GEOGRAPH_LOC"
179,"TRIDENT","GEOGRAPH_LOC"
180,"ILE DE CAILLE","GEOGRAPH_LOC"
181,"ABAGA","GEOGRAPH_LOC"
182,"CALCUTTEROO","GEOGRAPH_LOC"
183,"CHINOOK TROUGH","GEOGRAPH_LOC"
184,"KAVACHI","GEOGRAPH_LOC"
185,"PAYUN MATRU","GEOGRAPH_LOC"
186,"CANOPUS","GEOGRAPH_LOC"
187,"OGLIUGA","GEOGRAPH_LOC"
188,"BARRINGTON","GEOGRAPH_LOC"
189,"SOCORRO ISLAND","GEOGRAPH_LOC"
190,"ANTUCO","GEOGRAPH_LOC"
191,"MOUNT SCHANK","GEOGRAPH_LOC"
192,"KUEIPI","GEOGRAPH_LOC"
193,"ANYUAN","GEOGRAPH_LOC"
194,"CELEBES","GEOGRAPH_LOC"
195,"LIQHOBONG","GEOGRAPH_LOC"
196,"BUFFALO HILLS","GEOGRAPH_LOC"
197,"MUSKOX KIMBERLITE","GEOGRAPH_LOC"
198,"45","GEOGRAPH_LOC"
199,"LOLOBAU","GEOGRAPH_LOC"
200,"BROKEN","GEOGRAPH_LOC"
201,"NATURALISTE","GEOGRAPH_LOC"
202,"KUNASHIR","GEOGRAPH_LOC"
203,"ITURUP","GEOGRAPH_LOC"
204,"BETIC RIF TELL","GEOGRAPH_LOC"
205,"WEST ANTARCTIC","GEOGRAPH_LOC"
206,"BEAUFORT","GEOGRAPH_LOC"
207,"GURSKOY","GEOGRAPH_LOC"
208,"TAROSERO","GEOGRAPH_LOC"
209,"LOOLMURWAK","GEOGRAPH_LOC"
210,"BURKO","GEOGRAPH_LOC"
211,"CAPE RANGE","GEOGRAPH_LOC"
212,"TROODOS","GEOGRAPH_LOC"
213,"TURKEY","GEOGRAPH_LOC"
214,"UNST","GEOGRAPH_LOC"
215,"RAOBAZHAI ULTRAMAFIC BODY","GEOGRAPH_LOC"
216,"QILIN PIPE","GEOGRAPH_LOC"
217,"SVECOFENNIAN DOMAIN","GEOGRAPH_LOC"
218,"JINING","GEOGRAPH_LOC"
219,"CHIFENG","GEOGRAPH_LOC"
220,"ARAIS","GEOGRAPH_LOC"
221,"PACIFIC","GEOGRAPH_LOC"
222,"AMERICAN-ANTARCTIC RIDGE","GEOGRAPH_LOC"
223,"RED","GEOGRAPH_LOC"
224,"JUAN DE FUCA RIDGE","GEOGRAPH_LOC"
225,"CENTRAL INDIAN RIDGE","GEOGRAPH_LOC"
226,"MID-CAYMAN RISE","GEOGRAPH_LOC"
227,"ERIC SIMPSON","GEOGRAPH_LOC"
228,"ISLAS ORCADAS","GEOGRAPH_LOC"
229,"MOK","GEOGRAPH_LOC"
230,"DUGONG VOLCANO","GEOGRAPH_LOC"
231,"SOUTHERN","GEOGRAPH_LOC"
232,"KNIPOVICH RIDGE","GEOGRAPH_LOC"
233,"GORDA RIDGE","GEOGRAPH_LOC"
234,"LUCKY STRIKE","GEOGRAPH_LOC"
235,"EICKELBERG","GEOGRAPH_LOC"
236,"ECUADOR","GEOGRAPH_LOC"
237,"TJOERNES TRANSFORM FAULT","GEOGRAPH_LOC"
238,"ISABELA","GEOGRAPH_LOC"
239,"KLINGON","GEOGRAPH_LOC"
240,"LOUISVILLE 34","GEOGRAPH_LOC"
241,"CHILE","GEOGRAPH_LOC"
242,"JUAN FERNANDEZ MICROPLATE","GEOGRAPH_LOC"
243,"COBB","GEOGRAPH_LOC"
244,"LARSON","GEOGRAPH_LOC"
245,"NORWEGIAN","GEOGRAPH_LOC"
246,"PATTON","GEOGRAPH_LOC"
247,"HODGKINS","GEOGRAPH_LOC"
248,"DENSON","GEOGRAPH_LOC"
249,"PARKS","GEOGRAPH_LOC"
250,"SPRINGFIELD","GEOGRAPH_LOC"
251,"BRANSFIELD STRAIT","GEOGRAPH_LOC"
252,"DAITO","GEOGRAPH_LOC"
253,"TEREVAKA TRANSFORM FAULT","GEOGRAPH_LOC"
254,"MASCARIN","GEOGRAPH_LOC"
255,"HAEY","GEOGRAPH_LOC"
256,"ROCKALL","GEOGRAPH_LOC"
257,"COLORADO","GEOGRAPH_LOC"
258,"TANZANIA","GEOGRAPH_LOC"
259,"NAVAJO","GEOGRAPH_LOC"
260,"MULE EAR","GEOGRAPH_LOC"
261,"BIG PINE","GEOGRAPH_LOC"
262,"COSTA RICA","GEOGRAPH_LOC"
263,"MACAULEY","GEOGRAPH_LOC"
264,"LAS LAJAS","GEOGRAPH_LOC"
265,"POAS","GEOGRAPH_LOC"
266,"MOUNT DOOM","GEOGRAPH_LOC"
267,"BUNGO","GEOGRAPH_LOC"
268,"GERMANY","GEOGRAPH_LOC"
269,"DEAD SEA","GEOGRAPH_LOC"
270,"OMAN","GEOGRAPH_LOC"
271,"TALAMANCAS","GEOGRAPH_LOC"
272,"TAJUMULCO","GEOGRAPH_LOC"
273,"GRANADA","GEOGRAPH_LOC"
274,"CERRO NEGRO","GEOGRAPH_LOC"
275,"CUKRA HILL","GEOGRAPH_LOC"
276,"COSIGUINA","GEOGRAPH_LOC"
277,"NEJAPA","GEOGRAPH_LOC"
278,"SAMOA","GEOGRAPH_LOC"
279,"RECHESCHNOI","GEOGRAPH_LOC"
280,"BERING","GEOGRAPH_LOC"
281,"UGANDA","GEOGRAPH_LOC"
282,"NEW ZEALAND","GEOGRAPH_LOC"
283,"AOBA","GEOGRAPH_LOC"
284,"TRANS-MEXICAN","GEOGRAPH_LOC"
285,"ATHERTON","GEOGRAPH_LOC"
286,"TURRIALBA","GEOGRAPH_LOC"
287,"NORTHERN","GEOGRAPH_LOC"
288,"HAKATEKA CHAIN","GEOGRAPH_LOC"
289,"KAAPVAAL","GEOGRAPH_LOC"
290,"LAPLACE","GEOGRAPH_LOC"
291,"WEGENER","GEOGRAPH_LOC"
292,"LINNE RIDGE","GEOGRAPH_LOC"
293,"CELSIUS","GEOGRAPH_LOC"
294,"PLANCK","GEOGRAPH_LOC"
295,"SIERRA NEVADA","GEOGRAPH_LOC"
296,"BIG CREEK VOLCANIC PIPE","GEOGRAPH_LOC"
297,"VITIM VOLCANIC RIFT","GEOGRAPH_LOC"
298,"FARM LOUWRENCIA","GEOGRAPH_LOC"
299,"UDACHNAYA PIPE","GEOGRAPH_LOC"
300,"MIR PIPE","GEOGRAPH_LOC"
301,"NORTH AFRICAN","GEOGRAPH_LOC"
302,"MONDULI","GEOGRAPH_LOC"
303,"NIKOLSKI","GEOGRAPH_LOC"
304,"ADAK","GEOGRAPH_LOC"
305,"NINETYEAST RIDGE","GEOGRAPH_LOC"
306,"PERU","GEOGRAPH_LOC"
307,"CHRISTMAS","GEOGRAPH_LOC"
308,"SEAMOUNT_CHAIN","GEOGRAPH_LOC"
309,"LOIHI","GEOGRAPH_LOC"
310,"RAROTONGA","GEOGRAPH_LOC"
311,"ANATAHAN","GEOGRAPH_LOC"
312,"MARSHALL","GEOGRAPH_LOC"
313,"HOLLISTER","GEOGRAPH_LOC"
314,"EAST OTHRIS","GEOGRAPH_LOC"
315,"GREENLAND","GEOGRAPH_LOC"
316,"HAVRE TROUGH","GEOGRAPH_LOC"
317,"SARAH CENTRAL","GEOGRAPH_LOC"
318,"KO-HIYOSHI","GEOGRAPH_LOC"
319,"FUKUTOKU","GEOGRAPH_LOC"
320,"MAKHALNAS","GEOGRAPH_LOC"
321,"MYOJIN","GEOGRAPH_LOC"
322,"TANGAROA","GEOGRAPH_LOC"
323,"XILONG","GEOGRAPH_LOC"
324,"HERALD","GEOGRAPH_LOC"
325,"KOROVIN","GEOGRAPH_LOC"
326,"RODRIGUES","GEOGRAPH_LOC"
327,"EAST KUNLUN","GEOGRAPH_LOC"
328,"QINGHAI-TIBET","GEOGRAPH_LOC"
329,"BAGEL","GEOGRAPH_LOC"
330,"HALF-MOON","GEOGRAPH_LOC"
331,"HOOK","GEOGRAPH_LOC"
332,"EYE","GEOGRAPH_LOC"
333,"JAVA","GEOGRAPH_LOC"
334,"BISMARCK ARCHIPELAGO","GEOGRAPH_LOC"
335,"NEW HEBRIDES","GEOGRAPH_LOC"
336,"SANTIAGO","GEOGRAPH_LOC"
337,"GREAT SITKIN","GEOGRAPH_LOC"
338,"AMAK","GEOGRAPH_LOC"
339,"WESTDAHL","GEOGRAPH_LOC"
340,"CAROLINE ISLANDS","GEOGRAPH_LOC"
341,"AGROMOSA","GEOGRAPH_LOC"
342,"LATE","GEOGRAPH_LOC"
343,"KISKA","GEOGRAPH_LOC"
344,"KAUAI","GEOGRAPH_LOC"
345,"TALLANTE","GEOGRAPH_LOC"
346,"ONTONG JAVA","GEOGRAPH_LOC"
347,"CERRO DEL MOJON","GEOGRAPH_LOC"
348,"PRINDLE","GEOGRAPH_LOC"
349,"EAST EIFEL","GEOGRAPH_LOC"
350,"PERIDOT MESA","GEOGRAPH_LOC"
351,"DEMOCRATIC REPUBLIC OF THE CONGO","GEOGRAPH_LOC"
352,"CENTRAL ASIAN","GEOGRAPH_LOC"
353,"GUIANIAN","GEOGRAPH_LOC"
354,"NORTH AMERICAN","GEOGRAPH_LOC"
355,"ATTAWAPISKAT","GEOGRAPH_LOC"
356,"SIERRA NEGRA","GEOGRAPH_LOC"
357,"ANIAKCHAK","GEOGRAPH_LOC"
358,"FAIAL","GEOGRAPH_LOC"
359,"SAO JORGE","GEOGRAPH_LOC"
360,"VESUVIUS","GEOGRAPH_LOC"
361,"TAJIKISTAN","GEOGRAPH_LOC"
362,"JERVIS","GEOGRAPH_LOC"
363,"CULPEPPER","GEOGRAPH_LOC"
364,"WAJRAKARUR","GEOGRAPH_LOC"
365,"KOCADAG, CAPADOCIA","GEOGRAPH_LOC"
366,"IZU-BONIN ARC","GEOGRAPH_LOC"
367,"MIYAKEJIMA","GEOGRAPH_LOC"
368,"KAMAKA","GEOGRAPH_LOC"
369,"CROUGH","GEOGRAPH_LOC"
370,"SEAMOUNT 1","GEOGRAPH_LOC"
371,"SEAMOUNT 2","GEOGRAPH_LOC"
372,"NEW GUINEA","GEOGRAPH_LOC"
373,"SOUTH KOREA","GEOGRAPH_LOC"
374,"TARIM BLOCK","GEOGRAPH_LOC"
375,"HUALALAI","GEOGRAPH_LOC"
376,"IBERIAN VARISCAN","GEOGRAPH_LOC"
377,"HERCYNIAN","GEOGRAPH_LOC"
378,"BULDIR","GEOGRAPH_LOC"
379,"PENGLAI","GEOGRAPH_LOC"
380,"SHORTLAND","GEOGRAPH_LOC"
381,"ABINGDON","GEOGRAPH_LOC"
382,"NAMELESS ROCK","GEOGRAPH_LOC"
383,"SIGURDFJELL","GEOGRAPH_LOC"
384,"3432-7","GEOGRAPH_LOC"
385,"REDOUBT","GEOGRAPH_LOC"
386,"PORTUGAL","GEOGRAPH_LOC"
387,"SAINT VINCENT AND THE GRENADINES","GEOGRAPH_LOC"
388,"MONTSERRAT","GEOGRAPH_LOC"
389,"NEVADO","GEOGRAPH_LOC"
390,"PAYENIA","GEOGRAPH_LOC"
391,"AGATTU","GEOGRAPH_LOC"
392,"STARFISH","GEOGRAPH_LOC"
393,"RAPA NUI","GEOGRAPH_LOC"
394,"ZAVODOVSKI","GEOGRAPH_LOC"
395,"PAKUSHIN","GEOGRAPH_LOC"
396,"UPPER HELLS GATE","GEOGRAPH_LOC"
397,"SHILA","GEOGRAPH_LOC"
398,"ZUNI-BANDERA","GEOGRAPH_LOC"
399,"BANDERA","GEOGRAPH_LOC"
400,"NIUTOUSHAN","GEOGRAPH_LOC"
401,"LUZON-TAIWAN","GEOGRAPH_LOC"
402,"MEGATA","GEOGRAPH_LOC"
403,"TIELING","GEOGRAPH_LOC"
404,"WESSELTON KIMBERLITE","GEOGRAPH_LOC"
405,"UNITED KINGDOM","GEOGRAPH_LOC"
406,"LIMPOPO","GEOGRAPH_LOC"
407,"N-KUUSAMO","GEOGRAPH_LOC"
408,"NASHVILLE","GEOGRAPH_LOC"
409,"KAROO-FERRAR","GEOGRAPH_LOC"
410,"FRANK SMITH PIPE","GEOGRAPH_LOC"
411,"SAL","GEOGRAPH_LOC"
412,"SABZEVAR","GEOGRAPH_LOC"
413,"MULL","GEOGRAPH_LOC"
414,"CORIOLIS TROUGH","GEOGRAPH_LOC"
415,"SASHA","GEOGRAPH_LOC"
416,"BOUVET","GEOGRAPH_LOC"
417,"CHILE RIDGE","GEOGRAPH_LOC"
418,"PEGGY RIDGE","GEOGRAPH_LOC"
419,"BRAZIL","GEOGRAPH_LOC"
420,"OSBOURN","GEOGRAPH_LOC"
421,"ROMANCHE","GEOGRAPH_LOC"
422,"CHAIN","GEOGRAPH_LOC"
423,"OKINAWA TROUGH","GEOGRAPH_LOC"
424,"DOLDRUMS","GEOGRAPH_LOC"
425,"CHILEAN","GEOGRAPH_LOC"
426,"MARATHON","GEOGRAPH_LOC"
427,"LOUISVILLE 36","GEOGRAPH_LOC"
428,"BROWN BEAR","GEOGRAPH_LOC"
429,"EAST SCOTIA RIDGE","GEOGRAPH_LOC"
430,"LOUISVILLE 40","GEOGRAPH_LOC"
431,"GULF OF TADJOURA","GEOGRAPH_LOC"
432,"HAYES","GEOGRAPH_LOC"
433,"EASTER MICROPLATE RIFTS","GEOGRAPH_LOC"
434,"BLANCO TROUGH","GEOGRAPH_LOC"
435,"MATHEMATICIANS","GEOGRAPH_LOC"
436,"CONFEDERATION PEAK","GEOGRAPH_LOC"
437,"SOUTHWEST","GEOGRAPH_LOC"
438,"GREEN","GEOGRAPH_LOC"
439,"FRACTURE ZONE B","GEOGRAPH_LOC"
440,"HUATUNG","GEOGRAPH_LOC"
441,"IZU-BONIN-MARIANA","GEOGRAPH_LOC"
442,"CREST","GEOGRAPH_LOC"
443,"MILLER","GEOGRAPH_LOC"
444,"MOZAMBIQUE BASIN","GEOGRAPH_LOC"
445,"ISLA TORTUGA","GEOGRAPH_LOC"
446,"SOMALI","GEOGRAPH_LOC"
447,"COCOS RIDGE","GEOGRAPH_LOC"
448,"COCOS","GEOGRAPH_LOC"
449,"AUSTRAL","GEOGRAPH_LOC"
450,"MWUADI KIMBERLITE","GEOGRAPH_LOC"
451,"GRATTAN","GEOGRAPH_LOC"
452,"HEALY","GEOGRAPH_LOC"
453,"SHATSKY RISE","GEOGRAPH_LOC"
454,"HATTORI KNOLL","GEOGRAPH_LOC"
455,"INNER MONGOLIAN","GEOGRAPH_LOC"
456,"DISH HILL","GEOGRAPH_LOC"
457,"TACANA","GEOGRAPH_LOC"
458,"EL SALVADOR","GEOGRAPH_LOC"
459,"BONANZA MINE","GEOGRAPH_LOC"
460,"CERRO CHOPO","GEOGRAPH_LOC"
461,"RIO PACUARE","GEOGRAPH_LOC"
462,"CHIQUIMULA","GEOGRAPH_LOC"
463,"LITTLE SITKIN","GEOGRAPH_LOC"
464,"AUCKLAND","GEOGRAPH_LOC"
465,"POLAND","GEOGRAPH_LOC"
466,"MEDICINE LAKE","GEOGRAPH_LOC"
467,"KRAKATAU","GEOGRAPH_LOC"
468,"YELLOWSTONE","GEOGRAPH_LOC"
469,"NE BULLARD","GEOGRAPH_LOC"
470,"SOUTH OF RURU CHAIN","GEOGRAPH_LOC"
471,"BIBIARIKI CHAIN","GEOGRAPH_LOC"
472,"SINO-KOREA","GEOGRAPH_LOC"
473,"BOLTZMANN","GEOGRAPH_LOC"
474,"BECQUEREL","GEOGRAPH_LOC"
475,"OHM","GEOGRAPH_LOC"
476,"CANADIAN","GEOGRAPH_LOC"
477,"SAN LUIS POTOSI","GEOGRAPH_LOC"
478,"MAKUSHIN","GEOGRAPH_LOC"
479,"UNALASKA","GEOGRAPH_LOC"
480,"SHISHALDIN","GEOGRAPH_LOC"
481,"NORTH GORDA ","GEOGRAPH_LOC"
482,"BUFFON","GEOGRAPH_LOC"
483,"VULCANO","GEOGRAPH_LOC"
484,"CENTRAL ANDEAN","GEOGRAPH_LOC"
485,"BOSEI","GEOGRAPH_LOC"
486,"BULTFONTEIN","GEOGRAPH_LOC"
487,"TAIPAKA CHAIN","GEOGRAPH_LOC"
488,"RAPA","GEOGRAPH_LOC"
489,"RUMBLE IV","GEOGRAPH_LOC"
490,"TOSHIMA","GEOGRAPH_LOC"
491,"CHAMORRO","GEOGRAPH_LOC"
492,"CHEREF","GEOGRAPH_LOC"
493,"60E","GEOGRAPH_LOC"
494,"PARTIDA ISLAND","GEOGRAPH_LOC"
495,"GILL","GEOGRAPH_LOC"
496,"CURTIS","GEOGRAPH_LOC"
497,"CLARK","GEOGRAPH_LOC"
498,"K-TRIG","GEOGRAPH_LOC"
499,"REUNION","GEOGRAPH_LOC"
500,"CORSICA","GEOGRAPH_LOC"
501,"DAIMAO","GEOGRAPH_LOC"
502,"KRINGEL","GEOGRAPH_LOC"
503,"CONE 4","GEOGRAPH_LOC"
504,"AMBRYM","GEOGRAPH_LOC"
505,"SANTA FE","GEOGRAPH_LOC"
506,"BARTHOLOME","GEOGRAPH_LOC"
507,"KASATOCHI","GEOGRAPH_LOC"
508,"JUAN FERNANDEZ ISLANDS","GEOGRAPH_LOC"
509,"EL TIGRE","GEOGRAPH_LOC"
510,"SUMBAWA","GEOGRAPH_LOC"
511,"SOUFRIERE","GEOGRAPH_LOC"
512,"EQUATORIAL GUINEA","GEOGRAPH_LOC"
513,"NUNIVAK","GEOGRAPH_LOC"
514,"BETIC CORDILLERA","GEOGRAPH_LOC"
515,"SAUDI ARABIA","GEOGRAPH_LOC"
516,"KALAHARI","GEOGRAPH_LOC"
517,"GOBERNADOR GREGORES","GEOGRAPH_LOC"
518,"ARGYLE AK1","GEOGRAPH_LOC"
519,"TUBAF","GEOGRAPH_LOC"
520,"KENNADY","GEOGRAPH_LOC"
521,"MALAITA","GEOGRAPH_LOC"
522,"PENGUINS","GEOGRAPH_LOC"
523,"POSSESSION","GEOGRAPH_LOC"
524,"VICTOR NORTH","GEOGRAPH_LOC"
525,"CONGO-KASAI","GEOGRAPH_LOC"
526,"MONTPELLIER","GEOGRAPH_LOC"
527,"ST. HELENA CHAIN","GEOGRAPH_LOC"
528,"KIMMEI","GEOGRAPH_LOC"
529,"NINTOKU","GEOGRAPH_LOC"
530,"INDEFATIGABLE","GEOGRAPH_LOC"
531,"DHARWAR","GEOGRAPH_LOC"
532,"MALAGUANA-GADAO RIDGE","GEOGRAPH_LOC"
533,"ULM","GEOGRAPH_LOC"
534,"SHORTLANS ISLANDS","GEOGRAPH_LOC"
535,"RUSSELL ISLANDS","GEOGRAPH_LOC"
536,"PAVUVU","GEOGRAPH_LOC"
537,"DAMAPING","GEOGRAPH_LOC"
538,"HARRAT AL-BIRK","GEOGRAPH_LOC"
539,"MUTNOVSKY","GEOGRAPH_LOC"
540,"AUKENA","GEOGRAPH_LOC"
541,"THOMAS","GEOGRAPH_LOC"
542,"CYPRUS","GEOGRAPH_LOC"
543,"KOHINGGO","GEOGRAPH_LOC"
544,"WEST MATA","GEOGRAPH_LOC"
545,"LAGES","GEOGRAPH_LOC"
546,"KAZIMIRO","GEOGRAPH_LOC"
547,"VISOKE","GEOGRAPH_LOC"
548,"EASTERN AUSTRALIA","GEOGRAPH_LOC"
549,"AZORES PLATFORM","GEOGRAPH_LOC"
550,"GRACIOSA","GEOGRAPH_LOC"
551,"ISLANDS OF FOUR MOUNTAINS","GEOGRAPH_LOC"
552,"CHUGINADAK","GEOGRAPH_LOC"
553,"INGENSTREM","GEOGRAPH_LOC"
554,"MAKIRA","GEOGRAPH_LOC"
555,"GUADALCANAL","GEOGRAPH_LOC"
556,"BALTRA","GEOGRAPH_LOC"
557,"NORTH SEYMOUR","GEOGRAPH_LOC"
558,"PINZON","GEOGRAPH_LOC"
559,"SVERREFJELL","GEOGRAPH_LOC"
560,"3438-6","GEOGRAPH_LOC"
561,"SAN FRANCISCO PEAKS","GEOGRAPH_LOC"
562,"CERRO REDONDO","GEOGRAPH_LOC"
563,"SWITZERLAND","GEOGRAPH_LOC"
564,"BURTON","GEOGRAPH_LOC"
565,"SHEMYA","GEOGRAPH_LOC"
566,"SNOWY MOUNTAIN","GEOGRAPH_LOC"
567,"DEVILS DESK","GEOGRAPH_LOC"
568,"ICHINSKY","GEOGRAPH_LOC"
569,"KHARCHINSKY","GEOGRAPH_LOC"
570,"IZU OSHIMA","GEOGRAPH_LOC"
571,"OMURO","GEOGRAPH_LOC"
572,"KRASHENINNIKOV","GEOGRAPH_LOC"
573,"MOUNT MISERY","GEOGRAPH_LOC"
574,"QILIN","GEOGRAPH_LOC"
575,"KAMCHATSKY MYS","GEOGRAPH_LOC"
576,"TORRE ALFINA","GEOGRAPH_LOC"
577,"LORENA BUTTE","GEOGRAPH_LOC"
578,"HUANGYISHAN","GEOGRAPH_LOC"
579,"PREMIER","GEOGRAPH_LOC"
580,"DECCAN TRAP","GEOGRAPH_LOC"
581,"HALVDANPIGGEN","GEOGRAPH_LOC"
582,"RANTALA","GEOGRAPH_LOC"
583,"TUTUILA","GEOGRAPH_LOC"
584,"BROUGHTONA","GEOGRAPH_LOC"
585,"MATUA","GEOGRAPH_LOC"
586,"BANKS ISLANDS","GEOGRAPH_LOC"
587,"MOUNT GARET","GEOGRAPH_LOC"
588,"FLEMSOY","GEOGRAPH_LOC"
589,"RANONGGA","GEOGRAPH_LOC"
590,"VOYKAR","GEOGRAPH_LOC"
591,"SHETLAND","GEOGRAPH_LOC"
592,"CUBAN","GEOGRAPH_LOC"
593,"METEOR","GEOGRAPH_LOC"
594,"HOROKANAI","GEOGRAPH_LOC"
595,"ATLANTIC","GEOGRAPH_LOC"
596,"ARCTIC","GEOGRAPH_LOC"
597,"SOUTHEAST INDIAN RIDGE","GEOGRAPH_LOC"
598,"MARIANA TROUGH","GEOGRAPH_LOC"
599,"CLIPPERTON","GEOGRAPH_LOC"
600,"CLARION","GEOGRAPH_LOC"
601,"INDOMED","GEOGRAPH_LOC"
602,"ARGO","GEOGRAPH_LOC"
603,"GIBBS","GEOGRAPH_LOC"
604,"NEW","GEOGRAPH_LOC"
605,"DTD","GEOGRAPH_LOC"
606,"SALAS Y GOMEZ","GEOGRAPH_LOC"
607,"EASTER","GEOGRAPH_LOC"
608,"SCOTT ISLAND","GEOGRAPH_LOC"
609,"LORD HOWE RISE","GEOGRAPH_LOC"
610,"SMEAGOL","GEOGRAPH_LOC"
611,"15 DEG 20","GEOGRAPH_LOC"
612,"PACIFIC-RIVERA","GEOGRAPH_LOC"
613,"ROCAS ALIJOS","GEOGRAPH_LOC"
614,"BEN","GEOGRAPH_LOC"
615,"DISCOVERY II","GEOGRAPH_LOC"
616,"HECKLE","GEOGRAPH_LOC"
617,"LOUISVILLE 32","GEOGRAPH_LOC"
618,"NEW HEBRIDES ","GEOGRAPH_LOC"
619,"DAVIDSON","GEOGRAPH_LOC"
620,"HANISH-ZUKUR GROUP","GEOGRAPH_LOC"
621,"PANAMA","GEOGRAPH_LOC"
622,"ROTA-1","GEOGRAPH_LOC"
623,"ASAL (ARDOUKOBA) RIFT","GEOGRAPH_LOC"
624,"PETROV","GEOGRAPH_LOC"
625,"MENDOCINO RIDGE","GEOGRAPH_LOC"
626,"EASTERN","GEOGRAPH_LOC"
627,"ZEEWOLF","GEOGRAPH_LOC"
628,"OCP RIDGE","GEOGRAPH_LOC"
629,"USA","GEOGRAPH_LOC"
630,"GREGORY","GEOGRAPH_LOC"
631,"MOUNT GLOOSCAP","GEOGRAPH_LOC"
632,"SAINT PAUL","GEOGRAPH_LOC"
633,"HAWAII","GEOGRAPH_LOC"
634,"ASCENSION","GEOGRAPH_LOC"
635,"CERRO COLORADO","GEOGRAPH_LOC"
636,"TONGA-KERMADEC","GEOGRAPH_LOC"
637,"TELICA","GEOGRAPH_LOC"
638,"TENORIO","GEOGRAPH_LOC"
639,"RICHARDSON","GEOGRAPH_LOC"
640,"PACIFIC-IZANAGI RIDGE","GEOGRAPH_LOC"
641,"OCARINA KNOLL","GEOGRAPH_LOC"
642,"AYU TROUGH","GEOGRAPH_LOC"
643,"KOMAHASHI-DAINI","GEOGRAPH_LOC"
644,"SAN QUINTIN","GEOGRAPH_LOC"
645,"LESOTHO","GEOGRAPH_LOC"
646,"MOROCCO","GEOGRAPH_LOC"
647,"CIGUATEPE","GEOGRAPH_LOC"
648,"COLOMBIA","GEOGRAPH_LOC"
649,"PEARL LAGOON","GEOGRAPH_LOC"
650,"CONCEPCION","GEOGRAPH_LOC"
651,"BALHAF BIR ALI","GEOGRAPH_LOC"
652,"HAINAN","GEOGRAPH_LOC"
653,"SNAKE RIVER PLAIN","GEOGRAPH_LOC"
654,"NAMIBIA","GEOGRAPH_LOC"
655,"MAUNA LOA","GEOGRAPH_LOC"
656,"UMU CHAIN","GEOGRAPH_LOC"
657,"CANADA","GEOGRAPH_LOC"
658,"NEWTON","GEOGRAPH_LOC"
659,"GREEN KNOBS","GEOGRAPH_LOC"
660,"NIKOS KIMBERLITE","GEOGRAPH_LOC"
661,"JERICHO","GEOGRAPH_LOC"
662,"WYOMING","GEOGRAPH_LOC"
663,"MONOWAI","GEOGRAPH_LOC"
664,"KANAGA","GEOGRAPH_LOC"
665,"HIGO","GEOGRAPH_LOC"
666,"PASTEUR","GEOGRAPH_LOC"
667,"AEOLIAN","GEOGRAPH_LOC"
668,"MEXICAN VOLCANIC BELT","GEOGRAPH_LOC"
669,"MONTE ARCI","GEOGRAPH_LOC"
670,"MANGAIA","GEOGRAPH_LOC"
671,"RAKAHORE","GEOGRAPH_LOC"
672,"PARICUTIN","GEOGRAPH_LOC"
673,"CHAGOS","GEOGRAPH_LOC"
674,"HOTTA","GEOGRAPH_LOC"
675,"MIT GUYOT","GEOGRAPH_LOC"
676,"LIMALOK GUYOT","GEOGRAPH_LOC"
677,"SHACKLETON","GEOGRAPH_LOC"
678,"POKI CHAIN","GEOGRAPH_LOC"
679,"ZIMBABWE","GEOGRAPH_LOC"
680,"RIMATARA","GEOGRAPH_LOC"
681,"KOOLAU","GEOGRAPH_LOC"
682,"TARAWERA","GEOGRAPH_LOC"
683,"MARTINEZ","GEOGRAPH_LOC"
684,"RUMBLE II","GEOGRAPH_LOC"
685,"FUEGO","GEOGRAPH_LOC"
686,"BUZEN","GEOGRAPH_LOC"
687,"DAIKOKU","GEOGRAPH_LOC"
688,"EIFUKU","GEOGRAPH_LOC"
689,"AHYI","GEOGRAPH_LOC"
690,"FUKUYAMA","GEOGRAPH_LOC"
691,"KASUGA","GEOGRAPH_LOC"
692,"ALLISON","GEOGRAPH_LOC"
693,"MARSABIT","GEOGRAPH_LOC"
694,"DARWIN","GEOGRAPH_LOC"
695,"HORSESHOE","GEOGRAPH_LOC"
696,"BOXER","GEOGRAPH_LOC"
697,"SCHRIPPE","GEOGRAPH_LOC"
698,"IO JIMA","GEOGRAPH_LOC"
699,"LESSER ANTILLES","GEOGRAPH_LOC"
700,"MOUNT MOFFETT","GEOGRAPH_LOC"
701,"ULIAGA","GEOGRAPH_LOC"
702,"UNIMAK","GEOGRAPH_LOC"
703,"BELLSBANK","GEOGRAPH_LOC"
704,"URACAS","GEOGRAPH_LOC"
705,"GRENADA","GEOGRAPH_LOC"
706,"TANNA","GEOGRAPH_LOC"
707,"LOMBOK","GEOGRAPH_LOC"
708,"SAINT VINCENT","GEOGRAPH_LOC"
709,"COOK ISLANDS","GEOGRAPH_LOC"
710,"CAMEROON","GEOGRAPH_LOC"
711,"NGAOUNDERE","GEOGRAPH_LOC"
712,"TRES LAGOS","GEOGRAPH_LOC"
713,"BALTIC SHIELD","GEOGRAPH_LOC"
714,"ATAQ","GEOGRAPH_LOC"
715,"HUNGARY","GEOGRAPH_LOC"
716,"SAPPHIRE HILL","GEOGRAPH_LOC"
717,"MOUNT SHADWELL","GEOGRAPH_LOC"
718,"LAKE EACHAM","GEOGRAPH_LOC"
719,"PATTON MURRAY","GEOGRAPH_LOC"
720,"CROZET ISLANDS","GEOGRAPH_LOC"
721,"KAALVALLEI","GEOGRAPH_LOC"
722,"SALTA","GEOGRAPH_LOC"
723,"SIERRA LEONE","GEOGRAPH_LOC"
724,"TARIAT","GEOGRAPH_LOC"
725,"ROCKESKYLLERKOPF","GEOGRAPH_LOC"
726,"MEERFELDER","GEOGRAPH_LOC"
727,"ANDREW BAY","GEOGRAPH_LOC"
728,"DETROIT","GEOGRAPH_LOC"
729,"SUIKO","GEOGRAPH_LOC"
730,"MEIJI","GEOGRAPH_LOC"
731,"SITE 69","GEOGRAPH_LOC"
732,"FJOERTOFT","GEOGRAPH_LOC"
733,"SAN FRANCISCO","GEOGRAPH_LOC"
734,"NORTH AMERICAN CORDILLERA","GEOGRAPH_LOC"
735,"SEMISOPOCHNOI","GEOGRAPH_LOC"
736,"LIPARI","GEOGRAPH_LOC"
737,"VELLA LAVELLA","GEOGRAPH_LOC"
738,"KOLOMBANGARA","GEOGRAPH_LOC"
739,"NEW GEORGIA","GEOGRAPH_LOC"
740,"HANNUOBA","GEOGRAPH_LOC"
741,"ALEPPO PLATEAU","GEOGRAPH_LOC"
742,"DENMARK","GEOGRAPH_LOC"
743,"TEAHITIA","GEOGRAPH_LOC"
744,"MOUA PIHAA","GEOGRAPH_LOC"
745,"CYANA","GEOGRAPH_LOC"
746,"MOUNT PORNDON","GEOGRAPH_LOC"
747,"EAST AFRICAN RIFT","GEOGRAPH_LOC"
748,"PARAGUAY","GEOGRAPH_LOC"
749,"TRISTAN DA CUNHA GROUP","GEOGRAPH_LOC"
750,"ETENDEKA TRAPS","GEOGRAPH_LOC"
751,"MONTIFEERO ","GEOGRAPH_LOC"
752,"TRANSDANUBIAN","GEOGRAPH_LOC"
753,"NOSY SAKATIA","GEOGRAPH_LOC"
754,"NOSY BE","GEOGRAPH_LOC"
755,"PHILIPPINE SEA","GEOGRAPH_LOC"
756,"SPURR","GEOGRAPH_LOC"
757,"2 DEG-4 DEG N","GEOGRAPH_LOC"
758,"SANGUMBURI","GEOGRAPH_LOC"
759,"SAINT  KITTS AND NEVIS","GEOGRAPH_LOC"
760,"METIS SHOAL","GEOGRAPH_LOC"
761,"SANGEANG API","GEOGRAPH_LOC"
762,"ANAK KRAKATAU","GEOGRAPH_LOC"
763,"MERCADERES","GEOGRAPH_LOC"
764,"CENTRAL AFRICAN REPUBLIC","GEOGRAPH_LOC"
765,"SLOVAKIA","GEOGRAPH_LOC"
766,"RETROARC","GEOGRAPH_LOC"
767,"TROMEN","GEOGRAPH_LOC"
768,"NORTH ARCH","GEOGRAPH_LOC"
769,"CARIBOU CREEK","GEOGRAPH_LOC"
770,"AMCHITKA","GEOGRAPH_LOC"
771,"SKAGUL","GEOGRAPH_LOC"
772,"TANAGA","GEOGRAPH_LOC"
773,"CARIBBEAN-COLOMBIAN","GEOGRAPH_LOC"
774,"MOUNT MIHARA","GEOGRAPH_LOC"
775,"POPOCATEPETL","GEOGRAPH_LOC"
776,"LUZON","GEOGRAPH_LOC"
777,"NOORAT","GEOGRAPH_LOC"
778,"MENGYIN","GEOGRAPH_LOC"
779,"PANSHISHAN","GEOGRAPH_LOC"
780,"ISRAEL","GEOGRAPH_LOC"
781,"MINGXI","GEOGRAPH_LOC"
782,"KILAUEA","GEOGRAPH_LOC"
783,"JAGERSFONTEIN","GEOGRAPH_LOC"
784,"BRITISH ISLES","GEOGRAPH_LOC"
785,"VITYAZ","GEOGRAPH_LOC"
786,"SEITAPERA","GEOGRAPH_LOC"
787,"SHUANGLIAO","GEOGRAPH_LOC"
788,"BOBOTUSHAN","GEOGRAPH_LOC"
789,"BROKEN RIDGE","GEOGRAPH_LOC"
790,"GRAND TERRE","GEOGRAPH_LOC"
791,"S.P. LEE GUYOT","GEOGRAPH_LOC"
792,"CATHAYSIA BLOCK","GEOGRAPH_LOC"
793,"HUOSHAOSHAN","GEOGRAPH_LOC"
794,"QILIAN","GEOGRAPH_LOC"
795,"KON TUM","GEOGRAPH_LOC"
796,"ZENITH","GEOGRAPH_LOC"
797,"WALLABY","GEOGRAPH_LOC"
798,"CRETE","GEOGRAPH_LOC"
799,"CZECH REPUBLIC","GEOGRAPH_LOC"
800,"LEKA","GEOGRAPH_LOC"
801,"IRAN","GEOGRAPH_LOC"
802,"MERU","GEOGRAPH_LOC"
803,"RUM","GEOGRAPH_LOC"
804,"LUOBUSHA","GEOGRAPH_LOC"
805,"ZEDANG","GEOGRAPH_LOC"
806,"SYRIAN","GEOGRAPH_LOC"
807,"SPITSBERGEN","GEOGRAPH_LOC"
808,"ANITA PERIDOTITE MASSIF","GEOGRAPH_LOC"
809,"HARRAT KISHB","GEOGRAPH_LOC"
810,"MID-ATLANTIC RIDGE","GEOGRAPH_LOC"
811,"WOODLARK","GEOGRAPH_LOC"
812,"TUZO WILSON","GEOGRAPH_LOC"
813,"EXPLORER","GEOGRAPH_LOC"
814,"BULLARD","GEOGRAPH_LOC"
815,"ATLANTIS II","GEOGRAPH_LOC"
816,"FOUNDATION","GEOGRAPH_LOC"
817,"WARWICK","GEOGRAPH_LOC"
818,"FLINT","GEOGRAPH_LOC"
819,"ADAMS","GEOGRAPH_LOC"
820,"OLD PACIFICS","GEOGRAPH_LOC"
821,"PACIFIC FARALLON RIDGE","GEOGRAPH_LOC"
822,"ENDEAVOUR","GEOGRAPH_LOC"
823,"ALCEDO","GEOGRAPH_LOC"
824,"LOUISVILLE 33","GEOGRAPH_LOC"
825,"BOWIE","GEOGRAPH_LOC"
826,"KODIAK-BOWIE","GEOGRAPH_LOC"
827,"RAITT TRANSFORM FAULT","GEOGRAPH_LOC"
828,"PURITY","GEOGRAPH_LOC"
829,"SAN BENEDICTO","GEOGRAPH_LOC"
830,"HENDERSON","GEOGRAPH_LOC"
831,"PINTA","GEOGRAPH_LOC"
832,"JAN MAYEN","GEOGRAPH_LOC"
833,"BOOMERANG","GEOGRAPH_LOC"
834,"MARION","GEOGRAPH_LOC"
835,"GRIMSEY","GEOGRAPH_LOC"
836,"CAMPBELL","GEOGRAPH_LOC"
837,"USUGARAN","GEOGRAPH_LOC"
838,"TASMANIA","GEOGRAPH_LOC"
839,"RINCON","GEOGRAPH_LOC"
840,"MADERAS","GEOGRAPH_LOC"
841,"AGULHAS RIDGE","GEOGRAPH_LOC"
842,"MARSILI","GEOGRAPH_LOC"
843,"KERGUELEN","GEOGRAPH_LOC"
844,"KILBOURNE HOLE","GEOGRAPH_LOC"
845,"DREISER WEIHER","GEOGRAPH_LOC"
846,"BAIKAL","GEOGRAPH_LOC"
847,"AUSTRIA","GEOGRAPH_LOC"
848,"SPAIN","GEOGRAPH_LOC"
849,"EL VALLE","GEOGRAPH_LOC"
850,"IZALCO","GEOGRAPH_LOC"
851,"PRECHATO","GEOGRAPH_LOC"
852,"RAIVAVAE","GEOGRAPH_LOC"
853,"ETHIOPIA","GEOGRAPH_LOC"
854,"RWANDA","GEOGRAPH_LOC"
855,"OAHU","GEOGRAPH_LOC"
856,"CONGO","GEOGRAPH_LOC"
857,"HURUHURI CHAIN","GEOGRAPH_LOC"
858,"RYONA","GEOGRAPH_LOC"
859,"GHANA","GEOGRAPH_LOC"
860,"GUINEA","GEOGRAPH_LOC"
861,"ARISTOTELIS","GEOGRAPH_LOC"
862,"SCHROEDINGER","GEOGRAPH_LOC"
863,"PLATON","GEOGRAPH_LOC"
864,"KISITE","GEOGRAPH_LOC"
865,"ITALY","GEOGRAPH_LOC"
866,"SEGUAM","GEOGRAPH_LOC"
867,"CAPE VERDE","GEOGRAPH_LOC"
868,"FITZROY","GEOGRAPH_LOC"
869,"CORDILLERA","GEOGRAPH_LOC"
870,"HONSHU","GEOGRAPH_LOC"
871,"DRIFTERS","GEOGRAPH_LOC"
872,"RURU","GEOGRAPH_LOC"
873,"YOUNG RURUTU","GEOGRAPH_LOC"
874,"GREECE","GEOGRAPH_LOC"
875,"JOBAN","GEOGRAPH_LOC"
876,"TAKUYO-DAISAN","GEOGRAPH_LOC"
877,"LO-EN","GEOGRAPH_LOC"
878,"MEDNY","GEOGRAPH_LOC"
879,"CONICAL","GEOGRAPH_LOC"
880,"MOTASTEPE","GEOGRAPH_LOC"
881,"INDIA","GEOGRAPH_LOC"
882,"NW URACAS","GEOGRAPH_LOC"
883,"DEVONPORT EAST","GEOGRAPH_LOC"
884,"RUMBLE V","GEOGRAPH_LOC"
885,"TECUAMBURRO","GEOGRAPH_LOC"
886,"RED CRATER","GEOGRAPH_LOC"
887,"L'ESPERANCE","GEOGRAPH_LOC"
888,"ATIAMURI","GEOGRAPH_LOC"
889,"7 DEGREE EAST","GEOGRAPH_LOC"
890,"PITON DE LA FOURNAISE","GEOGRAPH_LOC"
891,"ALPINE-APENNINE","GEOGRAPH_LOC"
892,"EGG","GEOGRAPH_LOC"
893,"GUARDIAN","GEOGRAPH_LOC"
894,"FLOREANA","GEOGRAPH_LOC"
895,"MOUNT SIMEON","GEOGRAPH_LOC"
896,"REVILLAGIGEDO ARCHIPELAGO","GEOGRAPH_LOC"
897,"BONIN ARC","GEOGRAPH_LOC"
898,"POYO","GEOGRAPH_LOC"
899,"LAS CUMBRES","GEOGRAPH_LOC"
900,"BANDERA CRATER","GEOGRAPH_LOC"
901,"JORDAN","GEOGRAPH_LOC"
902,"LITTLE HUNGARIAN PLAIN","GEOGRAPH_LOC"
903,"PAPUA NEW GUINEA","GEOGRAPH_LOC"
904,"SHIPROCK","GEOGRAPH_LOC"
905,"MOTHAE","GEOGRAPH_LOC"
906,"STROMBOLI","GEOGRAPH_LOC"
907,"TAUPO","GEOGRAPH_LOC"
908,"DUNCAN","GEOGRAPH_LOC"
909,"WEDDELL","GEOGRAPH_LOC"
910,"HEBI","GEOGRAPH_LOC"
911,"ICHINOMEGATA","GEOGRAPH_LOC"
912,"MAKAPU","GEOGRAPH_LOC"
913,"CANADIAN ARCTIC ARCHIPELAGO","GEOGRAPH_LOC"
914,"OGCHEON","GEOGRAPH_LOC"
915,"FOSTER CRATER","GEOGRAPH_LOC"
916,"KAULA","GEOGRAPH_LOC"
917,"SEAMOUNT NO 3","GEOGRAPH_LOC"
918,"CIRCUM-PARANA","GEOGRAPH_LOC"
919,"GOUGH CHAIN","GEOGRAPH_LOC"
920,"KYAMBU","GEOGRAPH_LOC"
921,"VIRUNGA","GEOGRAPH_LOC"
922,"BOBROF","GEOGRAPH_LOC"
923,"UKINREK","GEOGRAPH_LOC"
924,"ALAMAGAN","GEOGRAPH_LOC"
925,"SERRETA","GEOGRAPH_LOC"
926,"CIMA","GEOGRAPH_LOC"
927,"ALBEMARLE","GEOGRAPH_LOC"
928,"MARCHENA","GEOGRAPH_LOC"
929,"MARCHAND","GEOGRAPH_LOC"
930,"PIPE","GEOGRAPH_LOC"
931,"BUZZARD CREEK","GEOGRAPH_LOC"
932,"PICO","GEOGRAPH_LOC"
933,"MOUNT KLIUCHEF","GEOGRAPH_LOC"
934,"KURIL-KAMCHATKA","GEOGRAPH_LOC"
935,"VITI LEVU","GEOGRAPH_LOC"
936,"KLYUCHEVSKOY","GEOGRAPH_LOC"
937,"VENIAMINOF","GEOGRAPH_LOC"
938,"TURON DE TECOUERE","GEOGRAPH_LOC"
939,"PLAZAS","GEOGRAPH_LOC"
940,"GAMCHEN","GEOGRAPH_LOC"
941,"SCHMIDT","GEOGRAPH_LOC"
942,"UINKARET","GEOGRAPH_LOC"
943,"HERBERT","GEOGRAPH_LOC"
944,"SABA","GEOGRAPH_LOC"
945,"VILLARICA","GEOGRAPH_LOC"
946,"LIHIR","GEOGRAPH_LOC"
947,"BALURAN","GEOGRAPH_LOC"
948,"PINATUBO","GEOGRAPH_LOC"
949,"PICO DE ORIZABA","GEOGRAPH_LOC"
950,"EASTERN ANATOLIAN","GEOGRAPH_LOC"
951,"BATAN","GEOGRAPH_LOC"
952,"MIDDLE ATLAS","GEOGRAPH_LOC"
953,"KAREM MAHARAL","GEOGRAPH_LOC"
954,"SIMCOE","GEOGRAPH_LOC"
955,"MOSES ROCK","GEOGRAPH_LOC"
956,"CHUDLEIGH","GEOGRAPH_LOC"
957,"WANGQING","GEOGRAPH_LOC"
958,"RASSHUA","GEOGRAPH_LOC"
959,"GAUA","GEOGRAPH_LOC"
960,"FOYN","GEOGRAPH_LOC"
961,"KETUMBEINE","GEOGRAPH_LOC"
962,"LETLHAKANE PIPE","GEOGRAPH_LOC"
963,"CURACAO","GEOGRAPH_LOC"
964,"TAURIDES","GEOGRAPH_LOC"
965,"CUBA","GEOGRAPH_LOC"
966,"SVALBARD","GEOGRAPH_LOC"
967,"AGULHAS-FALKLAND","GEOGRAPH_LOC"
968,"NORTHERN DISCOVERY","GEOGRAPH_LOC"
969,"PITON DE FOURNAISE","GEOGRAPH_LOC"
970,"KOMANDORSKY","GEOGRAPH_LOC"
971,"JEAN CHARCOT TROUGH","GEOGRAPH_LOC"
972,"EAST PACIFIC RISE","GEOGRAPH_LOC"
973,"SUMISU","GEOGRAPH_LOC"
974,"MARIE CELESTE","GEOGRAPH_LOC"
975,"MIB","GEOGRAPH_LOC"
976,"SAN MARCOS","GEOGRAPH_LOC"
977,"LE PETIT PRINCE","GEOGRAPH_LOC"
978,"GULF OF CALIFORNIA","GEOGRAPH_LOC"
979,"MOHNS RIDGE","GEOGRAPH_LOC"
980,"SLOTH","GEOGRAPH_LOC"
981,"MELVILLE","GEOGRAPH_LOC"
982,"LOUISVILLE 35","GEOGRAPH_LOC"
983,"PARECE VELA ","GEOGRAPH_LOC"
984,"ATLANTIS","GEOGRAPH_LOC"
985,"JAN MAYEN PLATFORM RIDGE","GEOGRAPH_LOC"
986,"DICKENS","GEOGRAPH_LOC"
987,"AMAMAI","GEOGRAPH_LOC"
988,"SHAKA","GEOGRAPH_LOC"
989,"TROPIC","GEOGRAPH_LOC"
990,"WEST COCOS","GEOGRAPH_LOC"
991,"KURCHATOV","GEOGRAPH_LOC"
992,"PITO","GEOGRAPH_LOC"
993,"PACIFIC-NAZCA RIDGE","GEOGRAPH_LOC"
994,"SUNRAY","GEOGRAPH_LOC"
995,"SARAH NORTH","GEOGRAPH_LOC"
996,"MATAHOURUA","GEOGRAPH_LOC"
997,"JOSEPH MAYES","GEOGRAPH_LOC"
998,"FERNANDINA","GEOGRAPH_LOC"
999,"IZU-BONIN","GEOGRAPH_LOC"
1000,"BONIN RIDGE","GEOGRAPH_LOC"
1001,"AUSTRALIA","GEOGRAPH_LOC"
1002,"BARBA","GEOGRAPH_LOC"
1003,"MOMOTOMBO","GEOGRAPH_LOC"
1004,"SHONA RIDGE","GEOGRAPH_LOC"
1005,"TYRRHENIAN","GEOGRAPH_LOC"
1006,"MIYAZALI","GEOGRAPH_LOC"
1007,"FRANCE","GEOGRAPH_LOC"
1008,"DEVES","GEOGRAPH_LOC"
1009,"SAN BERNADINO","GEOGRAPH_LOC"
1010,"MATSOKU","GEOGRAPH_LOC"
1011,"BOQUERON","GEOGRAPH_LOC"
1012,"ARENAL","GEOGRAPH_LOC"
1013,"LA PROVIDENCIA","GEOGRAPH_LOC"
1014,"SERBIA","GEOGRAPH_LOC"
1015,"MALUMALU","GEOGRAPH_LOC"
1016,"OKMOK","GEOGRAPH_LOC"
1017,"KENYAN","GEOGRAPH_LOC"
1018,"KENYA","GEOGRAPH_LOC"
1019,"VANUATU","GEOGRAPH_LOC"
1020,"CASCADE RANGE","GEOGRAPH_LOC"
1021,"TAOS PLATEAU","GEOGRAPH_LOC"
1022,"SUNDA","GEOGRAPH_LOC"
1023,"OROSI","GEOGRAPH_LOC"
1024,"TOROKO CHAIN","GEOGRAPH_LOC"
1025,"NIILONSUO","GEOGRAPH_LOC"
1026,"WEST AFRICAN","GEOGRAPH_LOC"
1027,"MOHOROVICIC","GEOGRAPH_LOC"
1028,"AMPERE","GEOGRAPH_LOC"
1029,"MENDEL","GEOGRAPH_LOC"
1030,"PAULING","GEOGRAPH_LOC"
1031,"RICHTER","GEOGRAPH_LOC"
1032,"IWO JIMA","GEOGRAPH_LOC"
1033,"LAC DE GRAS","GEOGRAPH_LOC"
1034,"PATAGONIA","GEOGRAPH_LOC"
1035,"BIG CREEK","GEOGRAPH_LOC"
1036,"ALGERIA","GEOGRAPH_LOC"
1037,"MANZAZ","GEOGRAPH_LOC"
1038,"HOMESTEAD","GEOGRAPH_LOC"
1039,"NORTHERN MARIANA ISLANDS","GEOGRAPH_LOC"
1040,"HYUGA","GEOGRAPH_LOC"
1041,"COSO","GEOGRAPH_LOC"
1042,"SUMATRA","GEOGRAPH_LOC"
1043,"LIGURIA-SARDO-TYRRHENIAN","GEOGRAPH_LOC"
1044,"MAUNA KEA","GEOGRAPH_LOC"
1045,"BALD MOUNTAIN","GEOGRAPH_LOC"
1046,"SOROL TROUGH","GEOGRAPH_LOC"
1047,"HINEPUIA","GEOGRAPH_LOC"
1048,"OLD RURUTU","GEOGRAPH_LOC"
1049,"AUGUSTINE","GEOGRAPH_LOC"
1050,"ESMERALDA BANK","GEOGRAPH_LOC"
1051,"MALDIVES","GEOGRAPH_LOC"
1052,"NAZARETH BANK","GEOGRAPH_LOC"
1053,"HOTU MATUA CHAIN","GEOGRAPH_LOC"
1054,"SOUTH CHAMORRO","GEOGRAPH_LOC"
1055,"HARRY JOHNSON","GEOGRAPH_LOC"
1056,"SARIGAN","GEOGRAPH_LOC"
1057,"SARAH WEST","GEOGRAPH_LOC"
1058,"NIKKO","GEOGRAPH_LOC"
1059,"EASTER SALAS Y GOMEZ","GEOGRAPH_LOC"
1060,"RAMAD","GEOGRAPH_LOC"
1061,"YINGFENGLING","GEOGRAPH_LOC"
1062,"WHAKATANE","GEOGRAPH_LOC"
1063,"CERRO QUEMADO","GEOGRAPH_LOC"
1064,"TRIG9474","GEOGRAPH_LOC"
1065,"KONIUJI","GEOGRAPH_LOC"
1066,"HADAR","GEOGRAPH_LOC"
1067,"YANGTZE","GEOGRAPH_LOC"
1068,"AMMONIT","GEOGRAPH_LOC"
1069,"OJO","GEOGRAPH_LOC"
1070,"VANUATU ARCHIPELAGO","GEOGRAPH_LOC"
1071,"WOLF","GEOGRAPH_LOC"
1072,"SANTA CRUZ","GEOGRAPH_LOC"
1073,"DESVENTURADOS ISLANDS","GEOGRAPH_LOC"
1074,"FIEBERLING-GUADALUPE SEAMOUNT TRAIL","GEOGRAPH_LOC"
1075,"TANZAWA MASSIF","GEOGRAPH_LOC"
1076,"TAFAHI","GEOGRAPH_LOC"
1077,"CAMEROON VOLCANIC LINE","GEOGRAPH_LOC"
1078,"TAHITI","GEOGRAPH_LOC"
1079,"EL FRAILE","GEOGRAPH_LOC"
1080,"ARKHANGELSK","GEOGRAPH_LOC"
1081,"PANNONIAN BASIN","GEOGRAPH_LOC"
1082,"TORRIE","GEOGRAPH_LOC"
1083,"DRYBONES","GEOGRAPH_LOC"
1084,"GARNET RIDGE","GEOGRAPH_LOC"
1085,"KIRKLAND LAKE","GEOGRAPH_LOC"
1086,"ANGOLA","GEOGRAPH_LOC"
1087,"YAKUTAI","GEOGRAPH_LOC"
1088,"JIAOHE","GEOGRAPH_LOC"
1089,"FRENCH GUIANA","GEOGRAPH_LOC"
1090,"DARIGANGA","GEOGRAPH_LOC"
1091,"CALATRAVA","GEOGRAPH_LOC"
1092,"TERCEIRA","GEOGRAPH_LOC"
1093,"KOMSOMOLSKAYA-MAGNITNAYA","GEOGRAPH_LOC"
1094,"COLUMBIA RIVER FLOOD BASALT","GEOGRAPH_LOC"
1095,"NARBOROUGH","GEOGRAPH_LOC"
1096,"TOLBACHIK","GEOGRAPH_LOC"
1097,"KATMAI","GEOGRAPH_LOC"
1098,"SAINT LAWRENCE","GEOGRAPH_LOC"
1099,"SOUTHEAST MARIANA FOREARC","GEOGRAPH_LOC"
1100,"KYUSHU","GEOGRAPH_LOC"
1101,"NEW GEORGIA ISLANDS","GEOGRAPH_LOC"
1102,"SANTA CRUZ ISLANDS","GEOGRAPH_LOC"
1103,"VANGUNU","GEOGRAPH_LOC"
1104,"CHANGLE-LINQU","GEOGRAPH_LOC"
1105,"MYOJINSHO","GEOGRAPH_LOC"
1106,"DOMINICAN REPUBLIC","GEOGRAPH_LOC"
1107,"LABRADOR","GEOGRAPH_LOC"
1108,"UTUPUA","GEOGRAPH_LOC"
1109,"HYBLEAN","GEOGRAPH_LOC"
1110,"SEAMOUNT NO 4","GEOGRAPH_LOC"
1111,"INDIAN RIDGE TRIPLE JUNCTION","GEOGRAPH_LOC"
1112,"SEAMOUNT NO 1","GEOGRAPH_LOC"
1113,"SWEDEN","GEOGRAPH_LOC"
1114,"PARANA-ETENDEKA","GEOGRAPH_LOC"
1115,"INACCESSIBLE","GEOGRAPH_LOC"
1116,"QIXIA","GEOGRAPH_LOC"
1117,"MBOROKUA","GEOGRAPH_LOC"
1118,"AGRIGAN","GEOGRAPH_LOC"
1119,"MBANIKA","GEOGRAPH_LOC"
1120,"GENOVESA","GEOGRAPH_LOC"
1121,"SEYMOUR","GEOGRAPH_LOC"
1122,"VOLCAN ECUADOR","GEOGRAPH_LOC"
1123,"JEJU","GEOGRAPH_LOC"
1124,"DOMINICA","GEOGRAPH_LOC"
1125,"MOUNT MELBOURNE","GEOGRAPH_LOC"
1126,"BEZYMIANNY","GEOGRAPH_LOC"
1127,"KANA KEOKI","GEOGRAPH_LOC"
1128,"RIO COLORADO","GEOGRAPH_LOC"
1129,"RIGIL","GEOGRAPH_LOC"
1130,"ZARECHNY","GEOGRAPH_LOC"
1131,"MAS A TIERRA","GEOGRAPH_LOC"
1132,"MOUNT FUJI","GEOGRAPH_LOC"
1133,"MERAPI","GEOGRAPH_LOC"
1134,"MARTINIQUE","GEOGRAPH_LOC"
1135,"MOUNT PELEE","GEOGRAPH_LOC"
1136,"ANATOLIA-IRAN BELT","GEOGRAPH_LOC"
1137,"FUXIAN","GEOGRAPH_LOC"
1138,"KUANDIAN","GEOGRAPH_LOC"
1139,"ARIES KIMBERLITE","GEOGRAPH_LOC"
1140,"ELOVY PIPE","GEOGRAPH_LOC"
1141,"MARIANA ","GEOGRAPH_LOC"
1142,"LA BARCA","GEOGRAPH_LOC"
1143,"LAGUNA","GEOGRAPH_LOC"
1144,"CERRO CHATO","GEOGRAPH_LOC"
1145,"NORTH BARBADOS RIDGE","GEOGRAPH_LOC"
1146,"ANTARCTIC-PHOENIX RIDGE","GEOGRAPH_LOC"
1147,"JOHNSTON ATOLL","GEOGRAPH_LOC"
1148,"HORIZON GUYOT","GEOGRAPH_LOC"
1149,"BRATYA","GEOGRAPH_LOC"
1150,"DONIZETTI","GEOGRAPH_LOC"
1151,"WUDALIANCHI","GEOGRAPH_LOC"
1152,"TRINIDADE","GEOGRAPH_LOC"
1153,"TUVALU","GEOGRAPH_LOC"
1154,"TIBETAN","GEOGRAPH_LOC"
1155,"SOUTH WEST","GEOGRAPH_LOC"
1156,"REFAHIYE","GEOGRAPH_LOC"
1157,"NORTHWEST ANATOLIAN","GEOGRAPH_LOC"
1158,"OCEANOGRAPHER","GEOGRAPH_LOC"
1159,"CARLSBERG RIDGE","GEOGRAPH_LOC"
1160,"INCA TRANSFORM FAULT","GEOGRAPH_LOC"
1161,"KANE","GEOGRAPH_LOC"
1162,"ICELAND","GEOGRAPH_LOC"
1163,"LAMONT","GEOGRAPH_LOC"
1164,"NANSEN-GAKKEL RIDGE","GEOGRAPH_LOC"
1165,"SIQUEIROS","GEOGRAPH_LOC"
1166,"VEMA","GEOGRAPH_LOC"
1167,"DU TOIT","GEOGRAPH_LOC"
1168,"PRINCE EDWARD","GEOGRAPH_LOC"
1169,"AXIAL","GEOGRAPH_LOC"
1170,"TAMAYO","GEOGRAPH_LOC"
1171,"SAINT PAULS","GEOGRAPH_LOC"
1172,"GIFFORD","GEOGRAPH_LOC"
1173,"LITTLE JOE","GEOGRAPH_LOC"
1174,"FIJI","GEOGRAPH_LOC"
1175,"HECK","GEOGRAPH_LOC"
1176,"EAST PEAK (JDFR)","GEOGRAPH_LOC"
1177,"PRATT-WELKER","GEOGRAPH_LOC"
1178,"ARABIAN","GEOGRAPH_LOC"
1179,"GULF OF ADEN","GEOGRAPH_LOC"
1180,"LUST","GEOGRAPH_LOC"
1181,"PAUL REVERE RIDGE","GEOGRAPH_LOC"
1182,"SULU SEA","GEOGRAPH_LOC"
1183,"GALAPAGOS SEAMOUNTS","GEOGRAPH_LOC"
1184,"MINIA","GEOGRAPH_LOC"
1185,"ALULA-FARTAK","GEOGRAPH_LOC"
1186,"PATHFINDER","GEOGRAPH_LOC"
1187,"DISCOVERY","GEOGRAPH_LOC"
1188,"COIBA RIDGE","GEOGRAPH_LOC"
1189,"CARNEGIE RIDGE","GEOGRAPH_LOC"
1190,"RODRIGUEZ TRIPLE JUNCTION","GEOGRAPH_LOC"
1191,"LABAIT","GEOGRAPH_LOC"
1192,"DELEGATE PIPES","GEOGRAPH_LOC"
1193,"IRAZU","GEOGRAPH_LOC"
1194,"LAS PILAS","GEOGRAPH_LOC"
1195,"METEOR RISE","GEOGRAPH_LOC"
1196,"SHANNON","GEOGRAPH_LOC"
1197,"CAPE RISE","GEOGRAPH_LOC"
1198,"EASTERN BISMARK","GEOGRAPH_LOC"
1199,"E2","GEOGRAPH_LOC"
1200,"MASAYA","GEOGRAPH_LOC"
1201,"TORISHIMA","GEOGRAPH_LOC"
1202,"EASTER ISLAND","GEOGRAPH_LOC"
1203,"MASSIF CENTRAL","GEOGRAPH_LOC"
1204,"CHINA","GEOGRAPH_LOC"
1205,"SAN CARLOS","GEOGRAPH_LOC"
1206,"SHAVARYN-TSARAM","GEOGRAPH_LOC"
1207,"SYRIA","GEOGRAPH_LOC"
1208,"DE MONTE","GEOGRAPH_LOC"
1209,"TA'U","GEOGRAPH_LOC"
1210,"VENEZUELAN","GEOGRAPH_LOC"
1211,"YAMATO","GEOGRAPH_LOC"
1212,"UMNAK","GEOGRAPH_LOC"
1213,"DJIBOUTI","GEOGRAPH_LOC"
1214,"HAWAIIAN","GEOGRAPH_LOC"
1215,"YEMEN","GEOGRAPH_LOC"
1216,"CENTRAL EUROPEAN","GEOGRAPH_LOC"
1217,"INDONESIA","GEOGRAPH_LOC"
1218,"SULAWESI","GEOGRAPH_LOC"
1219,"HALAMHERA","GEOGRAPH_LOC"
1220,"SAN VICENTE","GEOGRAPH_LOC"
1221,"CONCHAGUA","GEOGRAPH_LOC"
1222,"ANAKENA CHAIN","GEOGRAPH_LOC"
1223,"FINLAND","GEOGRAPH_LOC"
1224,"KARELIAN","GEOGRAPH_LOC"
1225,"MENDELEIEV","GEOGRAPH_LOC"
1226,"JUAN FERNANDEZ","GEOGRAPH_LOC"
1227,"MCDONALD","GEOGRAPH_LOC"
1228,"ARGENTINA","GEOGRAPH_LOC"
1229,"CERRO DE LOS CHENQUES","GEOGRAPH_LOC"
1230,"CERRO CLARK","GEOGRAPH_LOC"
1231,"ELEDOI","GEOGRAPH_LOC"
1232,"NORTH CHINA","GEOGRAPH_LOC"
1233,"AKUTAN","GEOGRAPH_LOC"
1234,"ISLA FERNANDINA","GEOGRAPH_LOC"
1235,"MOUNT MAZAMA","GEOGRAPH_LOC"
1236,"LOS AZUFRES","GEOGRAPH_LOC"
1237,"SARDINIA","GEOGRAPH_LOC"
1238,"OUTSIDER","GEOGRAPH_LOC"
1239,"MALPELO RIDGE","GEOGRAPH_LOC"
1240,"TRISTAN","GEOGRAPH_LOC"
1241,"HINETAPEKA","GEOGRAPH_LOC"
1242,"GAMBLE","GEOGRAPH_LOC"
1243,"GUGUAN","GEOGRAPH_LOC"
1244,"WODEJEBATO","GEOGRAPH_LOC"
1245,"BERAITI CHAIN","GEOGRAPH_LOC"
1246,"PIIP","GEOGRAPH_LOC"
1247,"SUMISU CALDERA","GEOGRAPH_LOC"
1248,"UPOLU","GEOGRAPH_LOC"
1249,"OFU","GEOGRAPH_LOC"
1250,"ASUSECA","GEOGRAPH_LOC"
1251,"RAOUL","GEOGRAPH_LOC"
1252,"BEN LOMOND","GEOGRAPH_LOC"
1253,"ROTOKAWAU W","GEOGRAPH_LOC"
1254,"CUILAPA","GEOGRAPH_LOC"
1255,"IZU-OSHIMA","GEOGRAPH_LOC"
1256,"SOUTH DAIKOKU","GEOGRAPH_LOC"
1257,"MASCARENE","GEOGRAPH_LOC"
1258,"PACAYA","GEOGRAPH_LOC"
1259,"ONGAROTO","GEOGRAPH_LOC"
1260,"TATUA","GEOGRAPH_LOC"
1261,"EMMONS","GEOGRAPH_LOC"
1262,"PAVLOF","GEOGRAPH_LOC"
1263,"LITTLE PAVLOF","GEOGRAPH_LOC"
1264,"SOUTH CHINA","GEOGRAPH_LOC"
1265,"BEND FAULT","GEOGRAPH_LOC"
1266,"ZECKE","GEOGRAPH_LOC"
1267,"SAINT KITTS","GEOGRAPH_LOC"
1268,"CARISLE","GEOGRAPH_LOC"
1269,"AUSTRAL-COOK","GEOGRAPH_LOC"
1270,"CERRO AZUL","GEOGRAPH_LOC"
1271,"SOUTH HIYOSHI","GEOGRAPH_LOC"
1272,"MIYAKE-JIMA","GEOGRAPH_LOC"
1273,"OSHIMA","GEOGRAPH_LOC"
1274,"RAT ISLANDS","GEOGRAPH_LOC"
1275,"KARUA","GEOGRAPH_LOC"
1276,"RINDJANI","GEOGRAPH_LOC"
1277,"HOKKAIDO","GEOGRAPH_LOC"
1278,"VENING MEINNESZ","GEOGRAPH_LOC"
1279,"SHIVELUCH","GEOGRAPH_LOC"
1280,"NORWEGIAN-GREENLAND","GEOGRAPH_LOC"
1281,"OKU","GEOGRAPH_LOC"
1282,"ANNOBON","GEOGRAPH_LOC"
1283,"HARRAT UWAYRID","GEOGRAPH_LOC"
1284,"ESTANCIA ALVAREZ","GEOGRAPH_LOC"
1285,"OMAN MOUNTAINS","GEOGRAPH_LOC"
1286,"ALLIGATOR LAKE","GEOGRAPH_LOC"
1287,"PHILIPPINES","GEOGRAPH_LOC"
1288,"MCBRIDE","GEOGRAPH_LOC"
1289,"ROBERTS VICTOR","GEOGRAPH_LOC"
1290,"AVON","GEOGRAPH_LOC"
1291,"KAZAKHSTAN","GEOGRAPH_LOC"
1292,"MONASTERY","GEOGRAPH_LOC"
1293,"CARPATHIAN","GEOGRAPH_LOC"
1294,"TRANS-NORTH CHINA","GEOGRAPH_LOC"
1295,"EL APRISCO","GEOGRAPH_LOC"
1296,"YURYAKU","GEOGRAPH_LOC"
1297,"OREGON","GEOGRAPH_LOC"
1298,"BINDLOE","GEOGRAPH_LOC"
1299,"NGGATOKAE","GEOGRAPH_LOC"
1300,"TINAKULA","GEOGRAPH_LOC"
1301,"JAPAN ARC","GEOGRAPH_LOC"
1302,"KAMPU","GEOGRAPH_LOC"
1303,"ALBORAN","GEOGRAPH_LOC"
1304,"AGAKAUITAI","GEOGRAPH_LOC"
1305,"HARRAT ASH SHAMAH","GEOGRAPH_LOC"
1306,"MEHETIA","GEOGRAPH_LOC"
1307,"SANTA CATALINA","GEOGRAPH_LOC"
1308,"VANIKORO","GEOGRAPH_LOC"
1309,"JAMES","GEOGRAPH_LOC"
1310,"ESPANOLA","GEOGRAPH_LOC"
1311,"RABIDA","GEOGRAPH_LOC"
1312,"TUROI","GEOGRAPH_LOC"
1313,"NETHERLANDS","GEOGRAPH_LOC"
1314,"LOPEVI","GEOGRAPH_LOC"
1315,"MOUNT MAYON","GEOGRAPH_LOC"
1316,"KICK 'EM JENNY","GEOGRAPH_LOC"
1317,"AGUA POCA","GEOGRAPH_LOC"
1318,"LOTE 17","GEOGRAPH_LOC"
1319,"XING-MENG","GEOGRAPH_LOC"
1320,"KODIAK","GEOGRAPH_LOC"
1321,"ILAK","GEOGRAPH_LOC"
1322,"UNALGA","GEOGRAPH_LOC"
1323,"RAT","GEOGRAPH_LOC"
1324,"MOUNT MAGEIK","GEOGRAPH_LOC"
1325,"KIZIMEN","GEOGRAPH_LOC"
1326,"VULCANS THRONE","GEOGRAPH_LOC"
1327,"FENI","GEOGRAPH_LOC"
1328,"GALERAS","GEOGRAPH_LOC"
1329,"BAKONY-BALATON HIGHLAND","GEOGRAPH_LOC"
1330,"SULU BASIN","GEOGRAPH_LOC"
1331,"LUNAR CRATER","GEOGRAPH_LOC"
1332,"SLOVENIA","GEOGRAPH_LOC"
1333,"RIETFONTEIN","GEOGRAPH_LOC"
1334,"ELEPHANT BUTTE","GEOGRAPH_LOC"
1335,"BIRKET RAM","GEOGRAPH_LOC"
1336,"LENTIIRA","GEOGRAPH_LOC"
1337,"DAYISHAN","GEOGRAPH_LOC"
1338,"ABU DAHR","GEOGRAPH_LOC"
1339,"SIMUSHIR","GEOGRAPH_LOC"
1340,"EASTERN VOLCANIC ZONE","GEOGRAPH_LOC"
1341,"FRANKLIN","GEOGRAPH_LOC"
1342,"OTROY","GEOGRAPH_LOC"
1343,"ESSIMINGOR","GEOGRAPH_LOC"
1344,"GELAI","GEOGRAPH_LOC"
1345,"KERIMASI","GEOGRAPH_LOC"
1346,"EAST EUROPEAN","GEOGRAPH_LOC"
1347,"SCOTLAND","GEOGRAPH_LOC"
1348,"SIMBO","GEOGRAPH_LOC"
1349,"FERNANDO DE NORONHA ARCHIPELAGO","GEOGRAPH_LOC"
1350,"HACHIJOJIMA","GEOGRAPH_LOC"
1351,"AOGASHIMA","GEOGRAPH_LOC"
1352,"HINGGAN-MONGOLIAN","GEOGRAPH_LOC"
1353,"SOUTHWEST INDIAN RIDGE","GEOGRAPH_LOC"
1354,"LAU","GEOGRAPH_LOC"
1355,"GALAPAGOS ARCHIPELAGO","GEOGRAPH_LOC"
1356,"MAURITIUS","GEOGRAPH_LOC"
1357,"MANUS","GEOGRAPH_LOC"
1358,"CARIBBEAN","GEOGRAPH_LOC"
1359,"GARRETT TRANSFORM FAULT","GEOGRAPH_LOC"
1360,"UDINTSEV","GEOGRAPH_LOC"
1361,"CAMP","GEOGRAPH_LOC"
1362,"TASMAN","GEOGRAPH_LOC"
1363,"PHILIPPINE","GEOGRAPH_LOC"
1364,"MIYOJIN BASIN","GEOGRAPH_LOC"
1365,"COBB-EICKELBERG","GEOGRAPH_LOC"
1366,"HOSS","GEOGRAPH_LOC"
1367,"LOUISVILLE 38","GEOGRAPH_LOC"
1368,"THOMPSON","GEOGRAPH_LOC"
1369,"UNION","GEOGRAPH_LOC"
1370,"MERCURIUS","GEOGRAPH_LOC"
1371,"OSHAWA","GEOGRAPH_LOC"
1372,"TORISHIMA RIFT","GEOGRAPH_LOC"
1373,"VESTERIS","GEOGRAPH_LOC"
1374,"JEBEL TEIR","GEOGRAPH_LOC"
1375,"ZUBAIR","GEOGRAPH_LOC"
1376,"DELLWOOD","GEOGRAPH_LOC"
1377,"EGERIA","GEOGRAPH_LOC"
1378,"ANNA MARIA","GEOGRAPH_LOC"
1379,"EGGVIN BANK","GEOGRAPH_LOC"
1380,"VULCAN","GEOGRAPH_LOC"
1381,"HODGKINS BANK","GEOGRAPH_LOC"
1382,"KOLBEINSEY","GEOGRAPH_LOC"
1383,"CAPO VERDE","GEOGRAPH_LOC"
1384,"VANCE","GEOGRAPH_LOC"
1385,"WHARTON","GEOGRAPH_LOC"
1386,"FUNK","GEOGRAPH_LOC"
1387,"WELKER","GEOGRAPH_LOC"
1388,"MURRAY","GEOGRAPH_LOC"
1389,"PUKAPUKA","GEOGRAPH_LOC"
1390,"SULU","GEOGRAPH_LOC"
1391,"GAKKEL RIDGE","GEOGRAPH_LOC"
1392,"NEWFOUNDLAND","GEOGRAPH_LOC"
1393,"BASIN AND RANGE","GEOGRAPH_LOC"
1394,"NAVAJO KIMBERLITES","GEOGRAPH_LOC"
1395,"HAWAIIAN RIDGE","GEOGRAPH_LOC"
1396,"FONUALEI","GEOGRAPH_LOC"
1397,"NICARAGUA","GEOGRAPH_LOC"
1398,"PLATANAR","GEOGRAPH_LOC"
1399,"MANIHIKI","GEOGRAPH_LOC"
1400,"MONT BOISSIER","GEOGRAPH_LOC"
1401,"BOREE","GEOGRAPH_LOC"
1402,"NEWER","GEOGRAPH_LOC"
1403,"RIO GRANDE","GEOGRAPH_LOC"
1404,"MONGOLIA","GEOGRAPH_LOC"
1405,"FRONTAL CONE","GEOGRAPH_LOC"
1406,"YOJOA","GEOGRAPH_LOC"
1407,"SAVAI'I","GEOGRAPH_LOC"
1408,"VAILULU'U","GEOGRAPH_LOC"
1409,"JAPAN","GEOGRAPH_LOC"
1410,"ETHIOPIAN","GEOGRAPH_LOC"
1411,"CANARY ISLANDS","GEOGRAPH_LOC"
1412,"BIR ALI","GEOGRAPH_LOC"
1413,"CASCADES","GEOGRAPH_LOC"
1414,"ALASKAN","GEOGRAPH_LOC"
1415,"HALMAHERA","GEOGRAPH_LOC"
1416,"MOUNT QUINCAN","GEOGRAPH_LOC"
1417,"SERPENTINE","GEOGRAPH_LOC"
1418,"SANTA BARBARA CHAIN","GEOGRAPH_LOC"
1419,"HIKIPUKU CHAIN","GEOGRAPH_LOC"
1420,"RANGI CHAIN","GEOGRAPH_LOC"
1421,"SLAVE","GEOGRAPH_LOC"
1422,"MERCATOR","GEOGRAPH_LOC"
1423,"PASCAL","GEOGRAPH_LOC"
1424,"RUTHERFORD","GEOGRAPH_LOC"
1425,"SHOUTH HIYOSHI","GEOGRAPH_LOC"
1426,"SOCIETY","GEOGRAPH_LOC"
1427,"CALEDONIAN","GEOGRAPH_LOC"
1428,"JOYA PRIETA","GEOGRAPH_LOC"
1429,"OLMANI","GEOGRAPH_LOC"
1430,"EAST AFRICAN","GEOGRAPH_LOC"
1431,"OLDOINYO LENGAI","GEOGRAPH_LOC"
1432,"ANDEAN","GEOGRAPH_LOC"
1433,"JEMEZ MOUNTAINS","GEOGRAPH_LOC"
1434,"MOGOLLON-DATIL","GEOGRAPH_LOC"
1435,"GOUGH","GEOGRAPH_LOC"
1436,"MARIANA","GEOGRAPH_LOC"
1437,"ZEALANDIA BANK","GEOGRAPH_LOC"
1438,"EAST","GEOGRAPH_LOC"
1439,"CHAPPEL CHAIN","GEOGRAPH_LOC"
1440,"RURUTU","GEOGRAPH_LOC"
1441,"MAROTIRI","GEOGRAPH_LOC"
1442,"ATIU","GEOGRAPH_LOC"
1443,"AITUTAKI","GEOGRAPH_LOC"
1444,"SANTA MARIA","GEOGRAPH_LOC"
1445,"WAIMARINO","GEOGRAPH_LOC"
1446,"MADAGASCAR","GEOGRAPH_LOC"
1447,"ATLANTIS TRANSFORM FAULT","GEOGRAPH_LOC"
1448,"NIIJIMA","GEOGRAPH_LOC"
1449,"NORTH HIYOSHI","GEOGRAPH_LOC"
1450,"CENTRAL HIYOSHI","GEOGRAPH_LOC"
1451,"NGATORO","GEOGRAPH_LOC"
1452,"NGATOROIRANGI","GEOGRAPH_LOC"
1453,"PAVLOF SISTER","GEOGRAPH_LOC"
1454,"MOUNT HAGUE","GEOGRAPH_LOC"
1455,"APLIDE","GEOGRAPH_LOC"
1456,"QINLING-DABIE","GEOGRAPH_LOC"
1457,"PAN-CAKE","GEOGRAPH_LOC"
1458,"LITTLE BEND","GEOGRAPH_LOC"
1459,"RYUKYU","GEOGRAPH_LOC"
1460,"ROCA REDONDA","GEOGRAPH_LOC"
1461,"TRINITY","GEOGRAPH_LOC"
1462,"JOSEPHINE","GEOGRAPH_LOC"
1463,"FUJI","GEOGRAPH_LOC"
1464,"GRENADINES","GEOGRAPH_LOC"
1465,"KAMCHATKA","GEOGRAPH_LOC"
1466,"SAINT EUSTATIUS","GEOGRAPH_LOC"
1467,"TAMBORA","GEOGRAPH_LOC"
1468,"BAKENING","GEOGRAPH_LOC"
1469,"ZERO KIMBERLITE","GEOGRAPH_LOC"
1470,"BIOKO","GEOGRAPH_LOC"
1471,"CENTRAL AFRICAN","GEOGRAPH_LOC"
1472,"SHIRIBESHI","GEOGRAPH_LOC"
1473,"MICHIPICOTEN GREENSTONE BELT","GEOGRAPH_LOC"
1474,"GRAND CANYON","GEOGRAPH_LOC"
1475,"HARRAT AL KISHB","GEOGRAPH_LOC"
1476,"AVACHINSKY","GEOGRAPH_LOC"
1477,"GERONIMO","GEOGRAPH_LOC"
1478,"SOLOMON ISLANDS","GEOGRAPH_LOC"
1479,"OBNAZHENNAYA","GEOGRAPH_LOC"
1480,"MUKOROB","GEOGRAPH_LOC"
1481,"EL HIERRO","GEOGRAPH_LOC"
1482,"MITTEN BUTTE","GEOGRAPH_LOC"
1483,"LAKE GNOTUK","GEOGRAPH_LOC"
1484,"WILLIAMS KIMBERLITES","GEOGRAPH_LOC"
1485,"BRAUNA KIMBERLITE FIELD","GEOGRAPH_LOC"
1486,"VENTURA-ESPIRITU SANTO","GEOGRAPH_LOC"
1487,"MORESBY","GEOGRAPH_LOC"
1488,"SEAMOUNT N","GEOGRAPH_LOC"
1489,"CERRO PELADO","GEOGRAPH_LOC"
1490,"EMMONS LAKE CALDERA","GEOGRAPH_LOC"
1491,"OJIN","GEOGRAPH_LOC"
1492,"LAKE ELLEN","GEOGRAPH_LOC"
1493,"PAMIR","GEOGRAPH_LOC"
1494,"JAMES, SAN SALVADOR","GEOGRAPH_LOC"
1495,"SAINT GEORGE","GEOGRAPH_LOC"
1496,"TAKASHIMA","GEOGRAPH_LOC"
1497,"BAFFIN","GEOGRAPH_LOC"
1498,"FAURO","GEOGRAPH_LOC"
1499,"SANYITANG","GEOGRAPH_LOC"
1500,"NISHINOSHIMA","GEOGRAPH_LOC"
1501,"MANGAREVA","GEOGRAPH_LOC"
1502,"AKAMARU","GEOGRAPH_LOC"
1503,"TELL THANNOUN","GEOGRAPH_LOC"
1504,"LONGGANG","GEOGRAPH_LOC"
1505,"ROCARD","GEOGRAPH_LOC"
1506,"SEAMOUNT NO 2","GEOGRAPH_LOC"
1507,"BUNYARUGURU","GEOGRAPH_LOC"
1508,"LIBYA","GEOGRAPH_LOC"
1509,"WAU EN NAMUS","GEOGRAPH_LOC"
1510,"SAO MIGUEL","GEOGRAPH_LOC"
1511,"ATTU","GEOGRAPH_LOC"
1512,"SOUTH SEYMOUR","GEOGRAPH_LOC"
1513,"COWLEY","GEOGRAPH_LOC"
1514,"AUSTRALIAN","GEOGRAPH_LOC"
1515,"BAENGNYEONG","GEOGRAPH_LOC"
1516,"IMJINGANG","GEOGRAPH_LOC"
1517,"EMEISHAN","GEOGRAPH_LOC"
1518,"GREAT BRITAIN","GEOGRAPH_LOC"
1519,"KARYMSKY","GEOGRAPH_LOC"
1520,"VOLTRI MASSIF","GEOGRAPH_LOC"
1521,"COLEMAN","GEOGRAPH_LOC"
1522,"MOUNT VSEVIDOF","GEOGRAPH_LOC"
1523,"LLANCANELO","GEOGRAPH_LOC"
1524,"NORTHERN ANDEAN","GEOGRAPH_LOC"
1525,"LITTLE KISKA","GEOGRAPH_LOC"
1526,"ALAGOGSHAK","GEOGRAPH_LOC"
1527,"PLOSKY SOPKY","GEOGRAPH_LOC"
1528,"KOMAROV","GEOGRAPH_LOC"
1529,"ACKTANG","GEOGRAPH_LOC"
1530,"KAGALASKA","GEOGRAPH_LOC"
1531,"SOUTHERN ANDEAN","GEOGRAPH_LOC"
1532,"ANGELA'S CONE","GEOGRAPH_LOC"
1533,"HAKONE","GEOGRAPH_LOC"
1534,"SAINT KITTS AND NEVIS","GEOGRAPH_LOC"
1535,"EL PEDRERO","GEOGRAPH_LOC"
1536,"MOUNT TAYLOR","GEOGRAPH_LOC"
1537,"ADRAR N'AJJER","GEOGRAPH_LOC"
1538,"YITONG","GEOGRAPH_LOC"
1539,"PALI-AIKE","GEOGRAPH_LOC"
1540,"LAHTOJOKI","GEOGRAPH_LOC"
1541,"VENETIA KIMBERLITES","GEOGRAPH_LOC"
1542,"KAGUYAK","GEOGRAPH_LOC"
1543,"VOGEL","GEOGRAPH_LOC"
1544,"EGYPT","GEOGRAPH_LOC"
1545,"VARISCAN","GEOGRAPH_LOC"
1546,"ATLASOVO","GEOGRAPH_LOC"
1547,"PARAMUSHIR","GEOGRAPH_LOC"
1548,"CZECHOSLOVAKIA","GEOGRAPH_LOC"
1549,"OLDOINYO LIYU","GEOGRAPH_LOC"
1550,"ELDIVAN","GEOGRAPH_LOC"
1551,"NGURDOTO","GEOGRAPH_LOC"
1552,"LITTLE MERU","GEOGRAPH_LOC"
1553,"SKYE","GEOGRAPH_LOC"
1554,"NORTH EAST","GEOGRAPH_LOC"
1555,"SAINT LUCIA","GEOGRAPH_LOC"
1556,"TIBET","GEOGRAPH_LOC"
1557,"LUOBUSA","GEOGRAPH_LOC"
1558,"TEL THANOUN","GEOGRAPH_LOC"
1559,"MACKENZIE","GEOGRAPH_LOC"
1560,"VENEZUELA","GEOGRAPH_LOC"
1561,"BALAMHINDIT","GEOGRAPH_LOC"
1562,"SOUTHERN DISCOVERY","GEOGRAPH_LOC"
1563,"East facing","czchem_type:ASPECT"
1564,"North facing","czchem_type:ASPECT"
1565,"South facing","czchem_type:ASPECT"
1566,"West facing","czchem_type:ASPECT"
1567,"Northeast facing","czchem_type:ASPECT"
1568,"Northwest facing","czchem_type:ASPECT"
1569,"Southeast facing","czchem_type:ASPECT"
1570,"Southwest facing","czchem_type:ASPECT"
1572,"Valley floor","czchem_type:LANDSCAPE_POSITION"
1574,"outcrop","czchem_type:LANDSCAPE_POSITION"
1576,"Topographic Flats","czchem_type:LANDSCAPE_POSITION"
1578,"Uplands","czchem_type:LANDSCAPE_POSITION"
1580,"Ridge top","czchem_type:LANDSCAPE_POSITION"
1582,"Mid-slope","czchem_type:LANDSCAPE_POSITION"
1584,"Toe-slope","czchem_type:LANDSCAPE_POSITION"
1586,"Foot-slope","czchem_type:LANDSCAPE_POSITION"
1588,"Shoulder","czchem_type:LANDSCAPE_POSITION"
1590,"Rangeland","czchem_type:LAND_USE"
1592,"Forest Land","czchem_type:LAND_USE"
1594,"Urban/Industrial","czchem_type:LAND_USE"
1596,"Agricultural","czchem_type:LAND_USE"
1597,"Burnham, Pennsylvania","czchem_type:location"
1598,"Susquehanna Shale Hills Critical Zone Observatory","czchem_type:location"
1599,"St. Francisville, Louisiana ","czchem_type:location"
1600,"Monmouth, Illinois","czchem_type:location"
1601,"Greenbay Hollow, Illinois","czchem_type:location"
1602,"Alpine Lake, Minnesota","czchem_type:location"
1603,"Calhoun Long Term Soil-Ecosystem Experiment","czchem_type:location"
1604,"Vicksburg, Mississippi","czchem_type:location"
1605,"Rincon Mountains, AZ","czchem_type:location"
1606,"Central Great Plains, Smokey Valley, Kansas","czchem_type:location"
1607,"Yosemite National Park","czchem_type:location"
1608,"Batesville, Mississippi","czchem_type:location"
1609,"Boulder Creek Critical Zone Observatory: Lower Gordon Gulch","czchem_type:location"
1610,"Luquillo Mountains, Puerto Rico","czchem_type:location"
1611,"Barnes Lake, Adirondack Mountains, New York","czchem_type:location"
1612,"Central Great Plains, Konza, Kansas","czchem_type:location"
1613,"Marcellus at Jackson's Corner, Huntingdon, PA","czchem_type:location"
1614,"Arlington, Kentucky","czchem_type:location"
1615,"Natchez, Mississippi","czchem_type:location"
1616,"Mendocino, California","czchem_type:location"
1617,"Lauderdale County, Tennessee","czchem_type:location"
1618,"Millington, Tennessee","czchem_type:location"
1619,"Quincy, Illinois","czchem_type:location"
1620,"Clayton County, Iowa","czchem_type:location"
1621,"Greenwood, Mississippi","czchem_type:location"
1622,"Yazoo County, Mississippi","czchem_type:location"
1623,"Central Great Plains, Shortgrass Steppe, Colorado","czchem_type:location"
1624,"Sagamore Lake (SL), Adirondack Mountains, NY","czchem_type:location"
1625,"Mt. Carroll, Illinois","czchem_type:location"
1626,"Senatobia, Mississippi","czchem_type:location"
1627,"Piedmont province in Fairax County, Va","czchem_type:location"
1628,"Central Great Plains, Hays, Kansas","czchem_type:location"
1629,"Anna, Illinois","czchem_type:location"
1630,"Rapids City, Illinois","czchem_type:location"
1631,"Galena, Illinois","czchem_type:location"
1632,"Santa Cruz Terraces, near San Francisco, CA","czchem_type:location"
1633,"Mechanicsville, Mississippi","czchem_type:location"
1634,"Murphysboro, Illinois","czchem_type:location"
1635,"Luquillo Critical Zone Observatory","czchem_type:location"
1636,"Brumbaugh Academic Center, Juniata College","czchem_type:location"
1637,"Ellis Grove, Illinois","czchem_type:location"
1638,"Morrison, Illinois","czchem_type:location"
1639,"Central Great Plains, Arickaree, Colorado","czchem_type:location"
